,doc,content,content_num,content_sum,year
0,S_RES_0001_1946,1,3,4,1946
1,S_RES_0002_1946,4,0,4,1946
2,S_RES_0003_1946,7,0,7,1946
3,S_RES_0004_1946,3,0,3,1946
4,S_RES_0005_1946,2,0,2,1946
5,S_RES_0006_1946,2,2,4,1946
6,S_RES_0007_1946,1,0,1,1946
7,S_RES_0008_1946,4,0,4,1946
8,S_RES_0009_1946,2,5,7,1946
9,S_RES_0010_1946,1,0,1,1946
10,S_RES_0011_1946,1,0,1,1946
11,S_RES_0012_1946,1,3,4,1946
12,S_RES_0013_1946,2,0,2,1946
13,S_RES_0014_1946,1,0,1,1946
14,S_RES_0015_1946,1,0,1,1946
15,S_RES_0016_1947,2,0,2,1947
16,S_RES_0017_1947,2,0,2,1947
17,S_RES_0018_1947,2,4,6,1947
18,S_RES_0019_1947,1,0,1,1947
19,S_RES_0020_1947,1,4,5,1947
20,S_RES_0021_1947,30,0,30,1947
21,S_RES_0022_1947,2,0,2,1947
22,S_RES_0023_1947,1,0,1,1947
23,S_RES_0024_1947,1,0,1,1947
24,S_RES_0025_1947,1,0,1,1947
25,S_RES_0026_1947,2,2,4,1947
26,S_RES_0027_1947,2,0,2,1947
27,S_RES_0028_1947,1,0,1,1947
28,S_RES_0029_1947,4,0,4,1947
29,S_RES_0030_1947,0,7,7,1947
30,S_RES_0031_1947,1,0,1,1947
31,S_RES_0032_1947,1,2,3,1947
32,S_RES_0033_1947,1,3,4,1947
33,S_RES_0034_1947,1,0,1,1947
34,S_RES_0035_1947,1,2,3,1947
35,S_RES_0036_1947,2,5,7,1947
36,S_RES_0037_1947,1,0,1,1947
37,S_RES_0038_1948,3,2,5,1948
38,S_RES_0039_1948,2,0,2,1948
39,S_RES_0040_1948,1,0,1,1948
40,S_RES_0041_1948,1,4,5,1948
41,S_RES_0042_1948,1,2,3,1948
42,S_RES_0043_1948,1,3,4,1948
43,S_RES_0044_1948,5,0,5,1948
44,S_RES_0045_1948,3,0,3,1948
45,S_RES_0046_1948,3,3,6,1948
46,S_RES_0047_1948,8,18,26,1948
47,S_RES_0048_1948,2,0,2,1948
48,S_RES_0049_1948,1,4,5,1948
49,S_RES_0050_1948,1,12,13,1948
50,S_RES_0051_1948,0,3,3,1948
51,S_RES_0052_1948,2,0,2,1948
52,S_RES_0053_1948,2,0,2,1948
53,S_RES_0054_1948,1,11,12,1948
54,S_RES_0055_1948,2,0,2,1948
55,S_RES_0056_1948,1,2,3,1948
56,S_RES_0057_1948,2,3,5,1948
57,S_RES_0058_1948,1,3,4,1948
58,S_RES_0059_1948,1,5,6,1948
59,S_RES_0060_1948,1,0,1,1948
60,S_RES_0061_1948,4,0,4,1948
61,S_RES_0062_1948,3,2,5,1948
62,S_RES_0063_1948,2,2,4,1948
63,S_RES_0064_1948,2,0,2,1948
64,S_RES_0065_1948,1,0,1,1948
65,S_RES_0066_1948,2,0,2,1948
66,S_RES_0067_1949,8,6,14,1949
67,S_RES_0068_1949,1,0,1,1949
68,S_RES_0069_1949,1,2,3,1949
69,S_RES_0070_1949,1,4,5,1949
70,S_RES_0071_1949,1,0,1,1949
71,S_RES_0072_1949,1,3,4,1949
72,S_RES_0073_1949,1,7,8,1949
73,S_RES_0074_1949,2,0,2,1949
74,S_RES_0075_1949,3,2,5,1949
75,S_RES_0076_1949,2,0,2,1949
76,S_RES_0077_1949,2,0,2,1949
77,S_RES_0078_1949,2,0,2,1949
78,S_RES_0079_1950,2,0,2,1950
79,S_RES_0080_1950,4,5,9,1950
80,S_RES_0081_1950,1,2,3,1950
81,S_RES_0082_1950,8,0,8,1950
82,S_RES_0083_1950,6,0,6,1950
83,S_RES_0084_1950,2,6,8,1950
84,S_RES_0085_1950,2,4,6,1950
85,S_RES_0086_1950,1,0,1,1950
86,S_RES_0087_1950,4,0,4,1950
87,S_RES_0088_1950,1,0,1,1950
88,S_RES_0089_1950,1,9,10,1950
89,S_RES_0090_1951,1,0,1,1951
90,S_RES_0091_1951,7,9,16,1951
91,S_RES_0092_1951,3,0,3,1951
92,S_RES_0093_1951,17,0,17,1951
93,S_RES_0094_1951,3,2,5,1951
94,S_RES_0095_1951,7,0,7,1951
95,S_RES_0096_1951,2,4,6,1951
96,S_RES_0097_1952,2,0,2,1952
97,S_RES_0098_1952,3,7,10,1952
98,S_RES_0099_1953,3,0,3,1953
99,S_RES_0100_1953,2,3,5,1953
100,S_RES_0101_1953,2,9,11,1953
101,S_RES_0102_1953,1,0,1,1953
102,S_RES_0103_1953,1,0,1,1953
103,S_RES_0104_1954,2,0,2,1954
104,S_RES_0105_1954,3,2,5,1954
105,S_RES_0106_1955,3,3,6,1955
106,S_RES_0107_1955,2,4,6,1955
107,S_RES_0108_1955,3,6,9,1955
108,S_RES_0109_1955,3,0,3,1955
109,S_RES_0110_1955,1,0,1,1955
110,S_RES_0111_1956,4,9,13,1956
111,S_RES_0112_1956,2,0,2,1956
112,S_RES_0113_1956,3,5,8,1956
113,S_RES_0114_1956,6,7,13,1956
114,S_RES_0115_1956,2,0,2,1956
115,S_RES_0116_1956,2,0,2,1956
116,S_RES_0117_1956,4,0,4,1956
117,S_RES_0118_1956,1,0,1,1956
118,S_RES_0119_1956,3,0,3,1956
119,S_RES_0120_1956,3,0,3,1956
120,S_RES_0121_1956,2,0,2,1956
121,S_RES_0122_1957,2,2,4,1957
122,S_RES_0123_1957,1,3,4,1957
123,S_RES_0124_1957,2,0,2,1957
124,S_RES_0125_1957,2,0,2,1957
125,S_RES_0126_1957,7,4,11,1957
126,S_RES_0127_1958,4,7,11,1958
127,S_RES_0128_1958,1,3,4,1958
128,S_RES_0129_1958,3,0,3,1958
129,S_RES_0130_1958,4,0,4,1958
130,S_RES_0131_1958,2,0,2,1958
131,S_RES_0132_1959,1,0,1,1959
132,S_RES_0133_1960,2,0,2,1960
133,S_RES_0134_1960,3,5,8,1960
134,S_RES_0135_1960,6,4,10,1960
135,S_RES_0136_1960,2,0,2,1960
136,S_RES_0137_1960,4,0,4,1960
137,S_RES_0138_1960,6,3,9,1960
138,S_RES_0139_1960,2,0,2,1960
139,S_RES_0140_1960,2,0,2,1960
140,S_RES_0141_1960,2,0,2,1960
141,S_RES_0142_1960,1,0,1,1960
142,S_RES_0143_1960,2,3,5,1960
143,S_RES_0144_1960,6,3,9,1960
144,S_RES_0145_1960,6,5,11,1960
145,S_RES_0146_1960,6,6,12,1960
146,S_RES_0147_1960,1,0,1,1960
147,S_RES_0148_1960,2,0,2,1960
148,S_RES_0149_1960,2,0,2,1960
149,S_RES_0150_1960,1,0,1,1960
150,S_RES_0151_1960,2,0,2,1960
151,S_RES_0152_1960,1,0,1,1960
152,S_RES_0153_1960,1,0,1,1960
153,S_RES_0154_1960,2,0,2,1960
154,S_RES_0155_1960,2,0,2,1960
155,S_RES_0156_1960,1,0,1,1960
156,S_RES_0157_1960,3,0,3,1960
157,S_RES_0158_1960,1,0,1,1960
158,S_RES_0159_1960,2,0,2,1960
159,S_RES_0160_1960,1,0,1,1960
160,S_RES_0161_1961,9,8,17,1961
161,S_RES_0162_1961,2,3,5,1961
162,S_RES_0163_1961,5,5,10,1961
163,S_RES_0164_1961,2,2,4,1961
164,S_RES_0165_1961,2,0,2,1961
165,S_RES_0166_1961,2,0,2,1961
166,S_RES_0167_1961,2,0,2,1961
167,S_RES_0168_1961,2,0,2,1961
168,S_RES_0169_1961,8,11,19,1961
169,S_RES_0170_1961,2,0,2,1961
170,S_RES_0171_1962,6,8,14,1962
171,S_RES_0172_1962,2,0,2,1962
172,S_RES_0173_1962,2,0,2,1962
173,S_RES_0174_1962,2,0,2,1962
174,S_RES_0175_1962,2,0,2,1962
175,S_RES_0176_1962,2,0,2,1962
176,S_RES_0177_1962,2,0,2,1962
177,S_RES_0178_1963,4,3,7,1963
178,S_RES_0179_1963,3,3,6,1963
179,S_RES_0180_1963,2,7,9,1963
180,S_RES_0181_1963,8,4,12,1963
181,S_RES_0182_1963,11,8,19,1963
182,S_RES_0183_1963,4,7,11,1963
183,S_RES_0184_1963,2,0,2,1963
184,S_RES_0185_1963,1,0,1,1963
185,S_RES_0186_1964,3,8,11,1964
186,S_RES_0187_1964,5,2,7,1964
187,S_RES_0188_1964,4,5,9,1964
188,S_RES_0189_1964,5,5,10,1964
189,S_RES_0190_1964,4,3,7,1964
190,S_RES_0191_1964,6,13,19,1964
191,S_RES_0192_1964,3,4,7,1964
192,S_RES_0193_1964,3,4,7,1964
193,S_RES_0194_1964,6,4,10,1964
194,S_RES_0195_1964,2,0,2,1964
195,S_RES_0196_1964,2,0,2,1964
196,S_RES_0197_1964,2,0,2,1964
197,S_RES_0198_1964,5,4,9,1964
198,S_RES_0199_1964,8,7,15,1964
199,S_RES_0200_1965,2,0,2,1965
200,S_RES_0201_1965,4,5,9,1965
201,S_RES_0202_1965,5,7,12,1965
202,S_RES_0203_1965,1,3,4,1965
203,S_RES_0204_1965,2,4,6,1965
204,S_RES_0205_1965,2,2,4,1965
205,S_RES_0206_1965,5,5,10,1965
206,S_RES_0207_1965,3,2,5,1965
207,S_RES_0208_1965,4,0,4,1965
208,S_RES_0209_1965,3,4,7,1965
209,S_RES_0210_1965,2,3,5,1965
210,S_RES_0211_1965,5,5,10,1965
211,S_RES_0212_1965,2,0,2,1965
212,S_RES_0213_1965,2,0,2,1965
213,S_RES_0214_1965,5,0,5,1965
214,S_RES_0215_1965,1,4,5,1965
215,S_RES_0216_1965,0,2,2,1965
216,S_RES_0217_1965,3,11,14,1965
217,S_RES_0218_1965,6,8,14,1965
218,S_RES_0219_1965,2,2,4,1965
219,S_RES_0220_1966,3,3,6,1966
220,S_RES_0221_1966,3,5,8,1966
221,S_RES_0222_1966,2,3,5,1966
222,S_RES_0223_1966,2,0,2,1966
223,S_RES_0224_1966,2,0,2,1966
224,S_RES_0225_1966,2,0,2,1966
225,S_RES_0226_1966,5,3,8,1966
226,S_RES_0227_1966,3,0,3,1966
227,S_RES_0228_1966,6,4,10,1966
228,S_RES_0229_1966,2,0,2,1966
229,S_RES_0230_1966,2,0,2,1966
230,S_RES_0231_1966,2,3,5,1966
231,S_RES_0232_1966,4,10,14,1966
232,S_RES_0233_1967,3,2,5,1967
233,S_RES_0234_1967,2,2,4,1967
234,S_RES_0235_1967,3,3,6,1967
235,S_RES_0236_1967,1,5,6,1967
236,S_RES_0237_1967,3,3,6,1967
237,S_RES_0238_1967,2,3,5,1967
238,S_RES_0239_1967,3,5,8,1967
239,S_RES_0240_1967,3,4,7,1967
240,S_RES_0241_1967,5,6,11,1967
241,S_RES_0242_1967,3,4,7,1967
242,S_RES_0243_1967,2,0,2,1967
243,S_RES_0244_1967,4,6,10,1967
244,S_RES_0245_1968,7,5,12,1968
245,S_RES_0246_1968,8,7,15,1968
246,S_RES_0247_1968,3,3,6,1968
247,S_RES_0248_1968,7,5,12,1968
248,S_RES_0249_1968,1,0,1,1968
249,S_RES_0250_1968,3,2,5,1968
250,S_RES_0251_1968,3,0,3,1968
251,S_RES_0252_1968,6,4,10,1968
252,S_RES_0253_1968,10,23,33,1968
253,S_RES_0254_1968,3,3,6,1968
254,S_RES_0255_1968,3,3,6,1968
255,S_RES_0256_1968,6,4,10,1968
256,S_RES_0257_1968,2,0,2,1968
257,S_RES_0258_1968,3,2,5,1968
258,S_RES_0259_1968,3,3,6,1968
259,S_RES_0260_1968,2,0,2,1968
260,S_RES_0261_1968,3,3,6,1968
261,S_RES_0262_1968,7,4,11,1968
262,S_RES_0263_1969,3,0,3,1969
263,S_RES_0264_1969,6,10,16,1969
264,S_RES_0265_1969,6,3,9,1969
265,S_RES_0266_1969,3,3,6,1969
266,S_RES_0267_1969,4,8,12,1969
267,S_RES_0268_1969,4,6,10,1969
268,S_RES_0269_1969,4,10,14,1969
269,S_RES_0270_1969,7,4,11,1969
270,S_RES_0271_1969,5,7,12,1969
271,S_RES_0272_1969,3,0,3,1969
272,S_RES_0273_1969,6,4,10,1969
273,S_RES_0274_1969,3,3,6,1969
274,S_RES_0275_1969,5,5,10,1969
275,S_RES_0276_1970,5,9,14,1970
276,S_RES_0277_1970,7,24,31,1970
277,S_RES_0278_1970,1,2,3,1970
278,S_RES_0279_1970,1,0,1,1970
279,S_RES_0280_1970,7,4,11,1970
280,S_RES_0281_1970,2,3,5,1970
281,S_RES_0282_1970,8,6,14,1970
282,S_RES_0283_1970,8,17,25,1970
283,S_RES_0284_1970,5,2,7,1970
284,S_RES_0285_1970,1,0,1,1970
285,S_RES_0286_1970,1,2,3,1970
286,S_RES_0287_1970,2,0,2,1970
287,S_RES_0288_1970,6,6,12,1970
288,S_RES_0289_1970,2,5,7,1970
289,S_RES_0290_1970,8,12,20,1970
290,S_RES_0291_1970,3,3,6,1970
291,S_RES_0292_1971,2,0,2,1971
292,S_RES_0293_1971,3,3,6,1971
293,S_RES_0294_1971,10,4,14,1971
294,S_RES_0295_1971,3,4,7,1971
295,S_RES_0296_1971,2,0,2,1971
296,S_RES_0297_1971,2,0,2,1971
297,S_RES_0298_1971,5,5,10,1971
298,S_RES_0299_1971,2,0,2,1971
299,S_RES_0300_1971,6,3,9,1971
300,S_RES_0301_1971,11,16,27,1971
301,S_RES_0302_1971,5,10,15,1971
302,S_RES_0303_1971,2,0,2,1971
303,S_RES_0304_1971,2,0,2,1971
304,S_RES_0305_1971,2,3,5,1971
305,S_RES_0306_1971,2,0,2,1971
306,S_RES_0307_1971,8,7,15,1971
307,S_RES_0308_1972,7,3,10,1972
308,S_RES_0309_1972,4,3,7,1972
309,S_RES_0310_1972,10,9,19,1972
310,S_RES_0311_1972,7,8,15,1972
311,S_RES_0312_1972,8,7,15,1972
312,S_RES_0313_1972,1,0,1,1972
313,S_RES_0314_1972,5,7,12,1972
314,S_RES_0315_1972,3,3,6,1972
315,S_RES_0316_1972,7,4,11,1972
316,S_RES_0317_1972,4,4,8,1972
317,S_RES_0318_1972,5,10,15,1972
318,S_RES_0319_1972,2,6,8,1972
319,S_RES_0320_1972,6,5,11,1972
320,S_RES_0321_1972,7,6,13,1972
321,S_RES_0322_1972,7,5,12,1972
322,S_RES_0323_1972,6,9,15,1972
323,S_RES_0324_1972,3,3,6,1972
324,S_RES_0325_1973,7,3,10,1973
325,S_RES_0326_1973,9,11,20,1973
326,S_RES_0327_1973,5,5,10,1973
327,S_RES_0328_1973,6,10,16,1973
328,S_RES_0329_1973,5,5,10,1973
329,S_RES_0330_1973,5,2,7,1973
330,S_RES_0331_1973,1,3,4,1973
331,S_RES_0332_1973,7,3,10,1973
332,S_RES_0333_1973,6,8,14,1973
333,S_RES_0334_1973,3,3,6,1973
334,S_RES_0335_1973,1,2,3,1973
335,S_RES_0336_1973,2,0,2,1973
336,S_RES_0337_1973,6,4,10,1973
337,S_RES_0338_1973,0,3,3,1973
338,S_RES_0339_1973,1,2,3,1973
339,S_RES_0340_1973,2,5,7,1973
340,S_RES_0341_1973,0,2,2,1973
341,S_RES_0342_1973,1,3,4,1973
342,S_RES_0343_1973,3,3,6,1973
343,S_RES_0344_1973,2,4,6,1973
344,S_RES_0345_1974,4,0,4,1974
345,S_RES_0346_1974,3,8,11,1974
346,S_RES_0347_1974,6,5,11,1974
347,S_RES_0348_1974,1,4,5,1974
348,S_RES_0349_1974,3,3,6,1974
349,S_RES_0350_1974,1,4,5,1974
350,S_RES_0351_1974,2,0,2,1974
351,S_RES_0352_1974,2,0,2,1974
352,S_RES_0353_1974,8,7,15,1974
353,S_RES_0354_1974,2,0,2,1974
354,S_RES_0355_1974,4,0,4,1974
355,S_RES_0356_1974,2,0,2,1974
356,S_RES_0357_1974,2,4,6,1974
357,S_RES_0358_1974,2,2,4,1974
358,S_RES_0359_1974,3,5,8,1974
359,S_RES_0360_1974,3,5,8,1974
360,S_RES_0361_1974,6,9,15,1974
361,S_RES_0362_1974,4,4,8,1974
362,S_RES_0363_1974,5,0,5,1974
363,S_RES_0364_1974,6,5,11,1974
364,S_RES_0365_1974,2,2,4,1974
365,S_RES_0366_1974,5,6,11,1974
366,S_RES_0367_1975,5,10,15,1975
367,S_RES_0368_1975,5,0,5,1975
368,S_RES_0369_1975,5,0,5,1975
369,S_RES_0370_1975,4,6,10,1975
370,S_RES_0371_1975,5,3,8,1975
371,S_RES_0372_1975,2,0,2,1975
372,S_RES_0373_1975,2,0,2,1975
373,S_RES_0374_1975,2,0,2,1975
374,S_RES_0375_1975,2,0,2,1975
375,S_RES_0376_1975,2,0,2,1975
376,S_RES_0377_1975,2,2,4,1975
377,S_RES_0378_1975,4,2,6,1975
378,S_RES_0379_1975,7,2,9,1975
379,S_RES_0380_1975,3,3,6,1975
380,S_RES_0381_1975,4,0,4,1975
381,S_RES_0382_1975,2,0,2,1975
382,S_RES_0383_1975,6,6,12,1975
383,S_RES_0384_1975,9,7,16,1975
384,S_RES_0385_1976,9,12,21,1976
385,S_RES_0386_1976,10,6,16,1976
386,S_RES_0387_1976,8,5,13,1976
387,S_RES_0388_1976,5,3,8,1976
388,S_RES_0389_1976,9,6,15,1976
389,S_RES_0390_1976,4,0,4,1976
390,S_RES_0391_1976,8,6,14,1976
391,S_RES_0392_1976,3,6,9,1976
392,S_RES_0393_1976,9,6,15,1976
393,S_RES_0394_1976,2,0,2,1976
394,S_RES_0395_1976,6,4,10,1976
395,S_RES_0396_1976,5,2,7,1976
396,S_RES_0397_1976,2,0,2,1976
397,S_RES_0398_1976,4,0,4,1976
398,S_RES_0399_1976,2,0,2,1976
399,S_RES_0400_1976,1,0,1,1976
400,S_RES_0401_1976,8,6,14,1976
401,S_RES_0402_1976,6,9,15,1976
402,S_RES_0403_1977,10,9,19,1977
403,S_RES_0404_1977,3,5,8,1977
404,S_RES_0405_1977,3,12,15,1977
405,S_RES_0406_1977,6,9,15,1977
406,S_RES_0407_1977,8,9,17,1977
407,S_RES_0408_1977,4,0,4,1977
408,S_RES_0409_1977,5,3,8,1977
409,S_RES_0410_1977,8,6,14,1977
410,S_RES_0411_1977,16,14,30,1977
411,S_RES_0412_1977,2,0,2,1977
412,S_RES_0413_1977,2,0,2,1977
413,S_RES_0414_1977,5,6,11,1977
414,S_RES_0415_1977,3,3,6,1977
415,S_RES_0416_1977,5,2,7,1977
416,S_RES_0417_1977,7,6,13,1977
417,S_RES_0418_1977,10,7,17,1977
418,S_RES_0419_1977,3,8,11,1977
419,S_RES_0420_1977,4,0,4,1977
420,S_RES_0421_1977,3,3,6,1977
421,S_RES_0422_1977,8,6,14,1977
422,S_RES_0423_1978,5,7,12,1978
423,S_RES_0424_1978,8,5,13,1978
424,S_RES_0425_1978,3,4,7,1978
425,S_RES_0426_1978,0,2,2,1978
426,S_RES_0427_1978,2,4,6,1978
427,S_RES_0428_1978,12,8,20,1978
428,S_RES_0429_1978,4,0,4,1978
429,S_RES_0430_1978,4,2,6,1978
430,S_RES_0431_1978,2,3,5,1978
431,S_RES_0432_1978,3,4,7,1978
432,S_RES_0433_1978,2,0,2,1978
433,S_RES_0434_1978,10,3,13,1978
434,S_RES_0435_1978,5,7,12,1978
435,S_RES_0436_1978,3,3,6,1978
436,S_RES_0437_1978,4,4,8,1978
437,S_RES_0438_1978,3,3,6,1978
438,S_RES_0439_1978,8,7,15,1978
439,S_RES_0440_1978,4,5,9,1978
440,S_RES_0441_1978,2,0,2,1978
441,S_RES_0442_1978,2,0,2,1978
442,S_RES_0443_1978,4,2,6,1978
443,S_RES_0444_1979,10,8,18,1979
444,S_RES_0445_1979,10,9,19,1979
445,S_RES_0446_1979,3,7,10,1979
446,S_RES_0447_1979,10,7,17,1979
447,S_RES_0448_1979,8,3,11,1979
448,S_RES_0449_1979,2,0,2,1979
449,S_RES_0450_1979,7,10,17,1979
450,S_RES_0451_1979,5,3,8,1979
451,S_RES_0452_1979,7,4,11,1979
452,S_RES_0453_1979,2,0,2,1979
453,S_RES_0454_1979,7,6,13,1979
454,S_RES_0455_1979,9,8,17,1979
455,S_RES_0456_1979,2,0,2,1979
456,S_RES_0457_1979,7,5,12,1979
457,S_RES_0458_1979,5,3,8,1979
458,S_RES_0459_1979,7,11,18,1979
459,S_RES_0460_1979,6,9,15,1979
460,S_RES_0461_1979,8,6,14,1979
461,S_RES_0462_1980,3,0,3,1980
462,S_RES_0463_1980,6,10,16,1980
463,S_RES_0464_1980,1,0,1,1980
464,S_RES_0465_1980,10,9,19,1980
465,S_RES_0466_1980,7,5,12,1980
466,S_RES_0467_1980,5,11,16,1980
467,S_RES_0468_1980,2,2,4,1980
468,S_RES_0469_1980,2,3,5,1980
469,S_RES_0470_1980,2,0,2,1980
470,S_RES_0471_1980,7,7,14,1980
471,S_RES_0472_1980,5,3,8,1980
472,S_RES_0473_1980,10,13,23,1980
473,S_RES_0474_1980,5,7,12,1980
474,S_RES_0475_1980,7,8,15,1980
475,S_RES_0476_1980,7,6,13,1980
476,S_RES_0477_1980,1,0,1,1980
477,S_RES_0478_1980,5,7,12,1980
478,S_RES_0479_1980,4,5,9,1980
479,S_RES_0480_1980,4,0,4,1980
480,S_RES_0481_1980,2,0,2,1980
481,S_RES_0482_1980,5,3,8,1980
482,S_RES_0483_1980,5,7,12,1980
483,S_RES_0484_1980,3,4,7,1980
484,S_RES_0485_1981,2,0,2,1981
485,S_RES_0486_1981,4,3,7,1981
486,S_RES_0487_1981,9,7,16,1981
487,S_RES_0488_1981,6,7,13,1981
488,S_RES_0489_1981,2,0,2,1981
489,S_RES_0490_1981,2,3,5,1981
490,S_RES_0491_1981,2,0,2,1981
491,S_RES_0492_1981,2,0,2,1981
492,S_RES_0493_1981,2,0,2,1981
493,S_RES_0494_1981,2,0,2,1981
494,S_RES_0495_1981,5,3,8,1981
495,S_RES_0496_1981,1,6,7,1981
496,S_RES_0497_1981,2,4,6,1981
497,S_RES_0498_1981,4,10,14,1981
498,S_RES_0499_1981,4,0,4,1981
499,S_RES_0500_1982,3,0,3,1982
500,S_RES_0501_1982,6,6,12,1982
501,S_RES_0502_1982,3,3,6,1982
502,S_RES_0503_1982,3,2,5,1982
503,S_RES_0504_1982,2,3,5,1982
504,S_RES_0505_1982,4,5,9,1982
505,S_RES_0506_1982,2,0,2,1982
506,S_RES_0507_1982,7,14,21,1982
507,S_RES_0508_1982,5,3,8,1982
508,S_RES_0509_1982,3,4,7,1982
509,S_RES_0510_1982,3,3,6,1982
510,S_RES_0511_1982,4,4,8,1982
511,S_RES_0512_1982,3,4,7,1982
512,S_RES_0513_1982,3,3,6,1982
513,S_RES_0514_1982,6,6,12,1982
514,S_RES_0515_1982,3,2,5,1982
515,S_RES_0516_1982,4,3,7,1982
516,S_RES_0517_1982,1,8,9,1982
517,S_RES_0518_1982,2,6,8,1982
518,S_RES_0519_1982,4,5,9,1982
519,S_RES_0520_1982,4,7,11,1982
520,S_RES_0521_1982,3,7,10,1982
521,S_RES_0522_1982,6,7,13,1982
522,S_RES_0523_1982,5,5,10,1982
523,S_RES_0524_1982,2,0,2,1982
524,S_RES_0525_1982,2,2,4,1982
525,S_RES_0526_1982,5,3,8,1982
526,S_RES_0527_1982,7,9,16,1982
527,S_RES_0528_1982,5,0,5,1982
528,S_RES_0529_1983,4,3,7,1983
529,S_RES_0530_1983,7,5,12,1983
530,S_RES_0531_1983,1,0,1,1983
531,S_RES_0532_1983,6,6,12,1983
532,S_RES_0533_1983,4,2,6,1983
533,S_RES_0534_1983,5,3,8,1983
534,S_RES_0535_1983,5,6,11,1983
535,S_RES_0536_1983,7,3,10,1983
536,S_RES_0537_1983,2,0,2,1983
537,S_RES_0538_1983,7,3,10,1983
538,S_RES_0539_1983,7,10,17,1983
539,S_RES_0540_1983,6,7,13,1983
540,S_RES_0541_1983,8,9,17,1983
541,S_RES_0542_1983,7,3,10,1983
542,S_RES_0543_1983,2,0,2,1983
543,S_RES_0544_1983,4,3,7,1983
544,S_RES_0545_1983,6,7,13,1983
545,S_RES_0546_1984,5,10,15,1984
546,S_RES_0547_1984,4,2,6,1984
547,S_RES_0548_1984,2,0,2,1984
548,S_RES_0549_1984,4,5,9,1984
549,S_RES_0550_1984,7,11,18,1984
550,S_RES_0551_1984,2,0,2,1984
551,S_RES_0552_1984,7,8,15,1984
552,S_RES_0553_1984,4,3,7,1984
553,S_RES_0554_1984,7,7,14,1984
554,S_RES_0555_1984,4,5,9,1984
555,S_RES_0556_1984,8,8,16,1984
556,S_RES_0557_1984,2,0,2,1984
557,S_RES_0558_1984,5,4,9,1984
558,S_RES_0559_1984,4,3,7,1984
559,S_RES_0560_1985,8,7,15,1985
560,S_RES_0561_1985,4,5,9,1985
561,S_RES_0562_1985,7,6,13,1985
562,S_RES_0563_1985,1,0,1,1985
563,S_RES_0564_1985,2,5,7,1985
564,S_RES_0565_1985,3,0,3,1985
565,S_RES_0566_1985,11,16,27,1985
566,S_RES_0567_1985,4,6,10,1985
567,S_RES_0568_1985,8,11,19,1985
568,S_RES_0569_1985,6,9,15,1985
569,S_RES_0570_1985,4,0,4,1985
570,S_RES_0571_1985,8,9,17,1985
571,S_RES_0572_1985,8,7,15,1985
572,S_RES_0573_1985,7,6,13,1985
573,S_RES_0574_1985,6,9,15,1985
574,S_RES_0575_1985,4,5,9,1985
575,S_RES_0576_1985,2,0,2,1985
576,S_RES_0577_1985,7,10,17,1985
577,S_RES_0578_1985,4,3,7,1985
578,S_RES_0579_1985,4,5,9,1985
579,S_RES_0580_1985,8,11,19,1985
580,S_RES_0581_1986,12,12,24,1986
581,S_RES_0582_1986,7,8,15,1986
582,S_RES_0583_1986,2,5,7,1986
583,S_RES_0584_1986,2,0,2,1986
584,S_RES_0585_1986,4,3,7,1986
585,S_RES_0586_1986,4,5,9,1986
586,S_RES_0587_1986,8,9,17,1986
587,S_RES_0588_1986,7,3,10,1986
588,S_RES_0589_1986,1,0,1,1986
589,S_RES_0590_1986,1,0,1,1986
590,S_RES_0591_1986,10,15,25,1986
591,S_RES_0592_1986,3,6,9,1986
592,S_RES_0593_1986,4,3,7,1986
593,S_RES_0594_1987,3,5,8,1987
594,S_RES_0595_1987,4,0,4,1987
595,S_RES_0596_1987,1,0,1,1987
596,S_RES_0597_1987,4,3,7,1987
597,S_RES_0598_1987,9,10,19,1987
598,S_RES_0599_1987,4,5,9,1987
599,S_RES_0600_1987,1,0,1,1987
600,S_RES_0601_1987,5,8,13,1987
601,S_RES_0602_1987,8,8,16,1987
602,S_RES_0603_1987,2,0,2,1987
603,S_RES_0604_1987,4,3,7,1987
604,S_RES_0605_1987,4,7,11,1987
605,S_RES_0606_1987,2,4,6,1987
606,S_RES_0607_1988,4,4,8,1988
607,S_RES_0608_1988,2,3,5,1988
608,S_RES_0609_1988,4,5,9,1988
609,S_RES_0610_1988,6,2,8,1988
610,S_RES_0611_1988,6,5,11,1988
611,S_RES_0612_1988,2,5,7,1988
612,S_RES_0613_1988,2,0,2,1988
613,S_RES_0614_1988,4,3,7,1988
614,S_RES_0615_1988,7,2,9,1988
615,S_RES_0616_1988,5,5,10,1988
616,S_RES_0617_1988,4,5,9,1988
617,S_RES_0618_1988,3,3,6,1988
618,S_RES_0619_1988,1,4,5,1988
619,S_RES_0620_1988,6,4,10,1988
620,S_RES_0621_1988,3,2,5,1988
621,S_RES_0622_1988,2,2,4,1988
622,S_RES_0623_1988,2,0,2,1988
623,S_RES_0624_1988,2,0,2,1988
624,S_RES_0625_1988,4,3,7,1988
625,S_RES_0626_1988,3,5,8,1988
626,S_RES_0627_1989,4,0,4,1989
627,S_RES_0628_1989,4,4,8,1989
628,S_RES_0629_1989,9,7,16,1989
629,S_RES_0630_1989,4,5,9,1989
630,S_RES_0631_1989,3,0,3,1989
631,S_RES_0632_1989,6,5,11,1989
632,S_RES_0633_1989,2,0,2,1989
633,S_RES_0634_1989,4,3,7,1989
634,S_RES_0635_1989,6,6,12,1989
635,S_RES_0636_1989,4,4,8,1989
636,S_RES_0637_1989,9,6,15,1989
637,S_RES_0638_1989,4,6,10,1989
638,S_RES_0639_1989,4,5,9,1989
639,S_RES_0640_1989,6,10,16,1989
640,S_RES_0641_1989,4,4,8,1989
641,S_RES_0642_1989,3,0,3,1989
642,S_RES_0643_1989,6,16,22,1989
643,S_RES_0644_1989,1,4,5,1989
644,S_RES_0645_1989,2,0,2,1989
645,S_RES_0646_1989,4,3,7,1989
646,S_RES_0647_1990,4,2,6,1990
647,S_RES_0648_1990,4,5,9,1990
648,S_RES_0649_1990,5,7,12,1990
649,S_RES_0650_1990,4,3,7,1990
650,S_RES_0651_1990,3,0,3,1990
651,S_RES_0652_1990,2,0,2,1990
652,S_RES_0653_1990,2,2,4,1990
653,S_RES_0654_1990,2,4,6,1990
654,S_RES_0655_1990,2,0,2,1990
655,S_RES_0656_1990,3,3,6,1990
656,S_RES_0657_1990,4,3,7,1990
657,S_RES_0658_1990,3,5,8,1990
658,S_RES_0659_1990,4,5,9,1990
659,S_RES_0660_1990,3,4,7,1990
660,S_RES_0661_1990,7,11,18,1990
661,S_RES_0662_1990,5,4,9,1990
662,S_RES_0663_1990,2,0,2,1990
663,S_RES_0664_1990,5,4,9,1990
664,S_RES_0665_1990,5,5,10,1990
665,S_RES_0666_1990,6,8,14,1990
666,S_RES_0667_1990,10,6,16,1990
667,S_RES_0668_1990,6,11,17,1990
668,S_RES_0669_1990,4,0,4,1990
669,S_RES_0670_1990,13,13,26,1990
670,S_RES_0671_1990,2,2,4,1990
671,S_RES_0672_1990,3,4,7,1990
672,S_RES_0673_1990,6,4,10,1990
673,S_RES_0674_1990,13,13,26,1990
674,S_RES_0675_1990,1,3,4,1990
675,S_RES_0676_1990,2,2,4,1990
676,S_RES_0677_1990,3,3,6,1990
677,S_RES_0678_1990,4,5,9,1990
678,S_RES_0679_1990,1,1,2,1990
679,S_RES_0680_1990,4,3,7,1990
680,S_RES_0681_1990,7,8,15,1990
681,S_RES_0682_1990,4,2,6,1990
682,S_RES_0683_1990,10,0,10,1990
683,S_RES_0684_1991,4,5,9,1991
684,S_RES_0685_1991,2,2,4,1991
685,S_RES_0686_1991,8,8,16,1991
686,S_RES_0687_1991,24,34,58,1991
687,S_RES_0688_1991,7,8,15,1991
688,S_RES_0689_1991,2,3,5,1991
689,S_RES_0690_1991,5,6,11,1991
690,S_RES_0691_1991,1,3,4,1991
691,S_RES_0692_1991,3,10,13,1991
692,S_RES_0693_1991,9,6,15,1991
693,S_RES_0694_1991,2,3,5,1991
694,S_RES_0695_1991,2,0,2,1991
695,S_RES_0696_1991,7,4,11,1991
696,S_RES_0697_1991,4,3,7,1991
697,S_RES_0698_1991,8,3,11,1991
698,S_RES_0699_1991,3,4,7,1991
699,S_RES_0700_1991,3,6,9,1991
700,S_RES_0701_1991,5,5,10,1991
701,S_RES_0702_1991,1,2,3,1991
702,S_RES_0703_1991,2,0,2,1991
703,S_RES_0704_1991,2,0,2,1991
704,S_RES_0705_1991,2,3,5,1991
705,S_RES_0706_1991,10,9,19,1991
706,S_RES_0707_1991,13,6,19,1991
707,S_RES_0708_1991,4,0,4,1991
708,S_RES_0709_1991,2,0,2,1991
709,S_RES_0710_1991,2,0,2,1991
710,S_RES_0711_1991,2,0,2,1991
711,S_RES_0712_1991,5,12,17,1991
712,S_RES_0713_1991,13,8,21,1991
713,S_RES_0714_1991,4,7,11,1991
714,S_RES_0715_1991,4,9,13,1991
715,S_RES_0716_1991,4,10,14,1991
716,S_RES_0717_1991,9,5,14,1991
717,S_RES_0718_1991,5,6,11,1991
718,S_RES_0719_1991,1,3,4,1991
719,S_RES_0720_1991,2,0,2,1991
720,S_RES_0721_1991,5,5,10,1991
721,S_RES_0722_1991,2,0,2,1991
722,S_RES_0723_1991,4,3,7,1991
723,S_RES_0724_1991,6,9,15,1991
724,S_RES_0725_1991,3,4,7,1991
725,S_RES_0726_1992,3,5,8,1992
726,S_RES_0727_1992,5,8,13,1992
727,S_RES_0728_1992,7,4,11,1992
728,S_RES_0729_1992,7,7,14,1992
729,S_RES_0730_1992,2,2,4,1992
730,S_RES_0731_1992,6,6,12,1992
731,S_RES_0732_1992,2,0,2,1992
732,S_RES_0733_1992,8,11,19,1992
733,S_RES_0734_1992,5,8,13,1992
734,S_RES_0735_1992,2,0,2,1992
735,S_RES_0736_1992,2,0,2,1992
736,S_RES_0737_1992,2,0,2,1992
737,S_RES_0738_1992,2,0,2,1992
738,S_RES_0739_1992,2,0,2,1992
739,S_RES_0740_1992,6,9,15,1992
740,S_RES_0741_1992,2,0,2,1992
741,S_RES_0742_1992,2,0,2,1992
742,S_RES_0743_1992,8,13,21,1992
743,S_RES_0744_1992,2,0,2,1992
744,S_RES_0745_1992,9,11,20,1992
745,S_RES_0746_1992,10,11,21,1992
746,S_RES_0747_1992,7,9,16,1992
747,S_RES_0748_1992,10,14,24,1992
748,S_RES_0749_1992,5,6,11,1992
749,S_RES_0750_1992,4,11,15,1992
750,S_RES_0751_1992,9,16,25,1992
751,S_RES_0752_1992,9,14,23,1992
752,S_RES_0753_1992,2,0,2,1992
753,S_RES_0754_1992,2,0,2,1992
754,S_RES_0755_1992,2,0,2,1992
755,S_RES_0756_1992,2,0,2,1992
756,S_RES_0757_1992,17,21,38,1992
757,S_RES_0758_1992,5,11,16,1992
758,S_RES_0759_1992,4,4,8,1992
759,S_RES_0760_1992,3,0,3,1992
760,S_RES_0761_1992,3,6,9,1992
761,S_RES_0762_1992,5,12,17,1992
762,S_RES_0763_1992,2,0,2,1992
763,S_RES_0764_1992,12,12,24,1992
764,S_RES_0765_1992,7,8,15,1992
765,S_RES_0766_1992,5,13,18,1992
766,S_RES_0767_1992,12,18,30,1992
767,S_RES_0768_1992,4,5,9,1992
768,S_RES_0769_1992,3,4,7,1992
769,S_RES_0770_1992,11,8,19,1992
770,S_RES_0771_1992,4,8,12,1992
771,S_RES_0772_1992,8,9,17,1992
772,S_RES_0773_1992,4,7,11,1992
773,S_RES_0774_1992,4,11,15,1992
774,S_RES_0775_1992,12,14,26,1992
775,S_RES_0776_1992,6,4,10,1992
776,S_RES_0777_1992,3,2,5,1992
777,S_RES_0778_1992,4,6,10,1992
778,S_RES_0779_1992,6,7,13,1992
779,S_RES_0780_1992,4,5,9,1992
780,S_RES_0781_1992,7,7,14,1992
781,S_RES_0782_1992,4,3,7,1992
782,S_RES_0783_1992,13,15,28,1992
783,S_RES_0784_1992,4,4,8,1992
784,S_RES_0785_1992,6,10,16,1992
785,S_RES_0786_1992,6,7,13,1992
786,S_RES_0787_1992,11,21,32,1992
787,S_RES_0788_1992,15,14,29,1992
788,S_RES_0789_1992,3,12,15,1992
789,S_RES_0790_1992,2,0,2,1992
790,S_RES_0791_1992,5,9,14,1992
791,S_RES_0792_1992,17,22,39,1992
792,S_RES_0793_1992,7,10,17,1992
793,S_RES_0794_1992,14,21,35,1992
794,S_RES_0795_1992,7,6,13,1992
795,S_RES_0796_1992,4,4,8,1992
796,S_RES_0797_1992,5,11,16,1992
797,S_RES_0798_1992,4,6,10,1992
798,S_RES_0799_1992,3,6,9,1992
799,S_RES_0800_1993,1,0,1,1993
800,S_RES_0801_1993,1,0,1,1993
801,S_RES_0802_1993,5,10,15,1993
802,S_RES_0803_1993,4,5,9,1993
803,S_RES_0804_1993,13,19,32,1993
804,S_RES_0805_1993,4,0,4,1993
805,S_RES_0806_1993,6,5,11,1993
806,S_RES_0807_1993,7,10,17,1993
807,S_RES_0808_1993,12,3,15,1993
808,S_RES_0809_1993,6,6,12,1993
809,S_RES_0810_1993,12,20,32,1993
810,S_RES_0811_1993,9,14,23,1993
811,S_RES_0812_1993,10,10,20,1993
812,S_RES_0813_1993,11,20,31,1993
813,S_RES_0814_1993,26,20,46,1993
814,S_RES_0815_1993,6,7,13,1993
815,S_RES_0816_1993,8,9,17,1993
816,S_RES_0817_1993,5,3,8,1993
817,S_RES_0818_1993,6,16,22,1993
818,S_RES_0819_1993,11,13,24,1993
819,S_RES_0820_1993,13,33,46,1993
820,S_RES_0821_1993,6,2,8,1993
821,S_RES_0822_1993,8,5,13,1993
822,S_RES_0823_1993,5,5,10,1993
823,S_RES_0824_1993,13,9,22,1993
824,S_RES_0825_1993,9,5,14,1993
825,S_RES_0826_1993,4,17,21,1993
826,S_RES_0827_1993,11,9,20,1993
827,S_RES_0828_1993,2,0,2,1993
828,S_RES_0829_1993,2,0,2,1993
829,S_RES_0830_1993,2,0,2,1993
830,S_RES_0831_1993,7,9,16,1993
831,S_RES_0832_1993,7,11,18,1993
832,S_RES_0833_1993,8,7,15,1993
833,S_RES_0834_1993,7,17,24,1993
834,S_RES_0835_1993,5,6,11,1993
835,S_RES_0836_1993,19,15,34,1993
836,S_RES_0837_1993,14,10,24,1993
837,S_RES_0838_1993,10,3,13,1993
838,S_RES_0839_1993,6,5,11,1993
839,S_RES_0840_1993,6,9,15,1993
840,S_RES_0841_1993,15,17,32,1993
841,S_RES_0842_1993,5,2,7,1993
842,S_RES_0843_1993,4,2,6,1993
843,S_RES_0844_1993,5,7,12,1993
844,S_RES_0845_1993,2,3,5,1993
845,S_RES_0846_1993,7,13,20,1993
846,S_RES_0847_1993,7,5,12,1993
847,S_RES_0848_1993,1,0,1,1993
848,S_RES_0849_1993,7,7,14,1993
849,S_RES_0850_1993,7,14,21,1993
850,S_RES_0851_1993,11,23,34,1993
851,S_RES_0852_1993,3,5,8,1993
852,S_RES_0853_1993,9,14,23,1993
853,S_RES_0854_1993,2,3,5,1993
854,S_RES_0855_1993,6,4,10,1993
855,S_RES_0856_1993,4,8,12,1993
856,S_RES_0857_1993,2,0,2,1993
857,S_RES_0858_1993,7,11,18,1993
858,S_RES_0859_1993,15,9,24,1993
859,S_RES_0860_1993,5,5,10,1993
860,S_RES_0861_1993,7,4,11,1993
861,S_RES_0862_1993,6,6,12,1993
862,S_RES_0863_1993,8,15,23,1993
863,S_RES_0864_1993,14,29,43,1993
864,S_RES_0865_1993,11,16,27,1993
865,S_RES_0866_1993,12,14,26,1993
866,S_RES_0867_1993,9,15,24,1993
867,S_RES_0868_1993,5,8,13,1993
868,S_RES_0869_1993,2,2,4,1993
869,S_RES_0870_1993,2,2,4,1993
870,S_RES_0871_1993,6,14,20,1993
871,S_RES_0872_1993,8,15,23,1993
872,S_RES_0873_1993,5,5,10,1993
873,S_RES_0874_1993,7,13,20,1993
874,S_RES_0875_1993,8,3,11,1993
875,S_RES_0876_1993,6,11,17,1993
876,S_RES_0877_1993,4,0,4,1993
877,S_RES_0878_1993,5,3,8,1993
878,S_RES_0879_1993,2,2,4,1993
879,S_RES_0880_1993,9,15,24,1993
880,S_RES_0881_1993,5,7,12,1993
881,S_RES_0882_1993,7,18,25,1993
882,S_RES_0883_1993,10,17,27,1993
883,S_RES_0884_1993,7,9,16,1993
884,S_RES_0885_1993,6,9,15,1993
885,S_RES_0886_1993,11,17,28,1993
886,S_RES_0887_1993,1,1,2,1993
887,S_RES_0888_1993,17,16,33,1993
888,S_RES_0889_1993,4,13,17,1993
889,S_RES_0890_1993,10,15,25,1993
890,S_RES_0891_1993,5,6,11,1993
891,S_RES_0892_1993,10,10,20,1993
892,S_RES_0893_1994,7,8,15,1994
893,S_RES_0894_1994,8,6,14,1994
894,S_RES_0895_1994,2,5,7,1994
895,S_RES_0896_1994,7,16,23,1994
896,S_RES_0897_1994,10,15,25,1994
897,S_RES_0898_1994,9,21,30,1994
898,S_RES_0899_1994,4,0,4,1994
899,S_RES_0900_1994,14,8,22,1994
900,S_RES_0901_1994,4,3,7,1994
901,S_RES_0902_1994,3,4,7,1994
902,S_RES_0903_1994,15,12,27,1994
903,S_RES_0904_1994,6,5,11,1994
904,S_RES_0905_1994,4,4,8,1994
905,S_RES_0906_1994,6,9,15,1994
906,S_RES_0907_1994,9,10,19,1994
907,S_RES_0908_1994,15,25,40,1994
908,S_RES_0909_1994,10,10,20,1994
909,S_RES_0910_1994,4,2,6,1994
910,S_RES_0911_1994,9,12,21,1994
911,S_RES_0912_1994,12,16,28,1994
912,S_RES_0913_1994,14,10,24,1994
913,S_RES_0914_1994,4,3,7,1994
914,S_RES_0915_1994,6,7,13,1994
915,S_RES_0916_1994,10,21,31,1994
916,S_RES_0917_1994,14,20,34,1994
917,S_RES_0918_1994,18,21,39,1994
918,S_RES_0919_1994,4,4,8,1994
919,S_RES_0920_1994,13,15,28,1994
920,S_RES_0921_1994,2,0,2,1994
921,S_RES_0922_1994,13,13,26,1994
922,S_RES_0923_1994,15,10,25,1994
923,S_RES_0924_1994,5,6,11,1994
924,S_RES_0925_1994,17,18,35,1994
925,S_RES_0926_1994,1,4,5,1994
926,S_RES_0927_1994,9,10,19,1994
927,S_RES_0928_1994,6,6,12,1994
928,S_RES_0929_1994,10,12,22,1994
929,S_RES_0930_1994,3,4,7,1994
930,S_RES_0931_1994,7,9,16,1994
931,S_RES_0932_1994,14,14,28,1994
932,S_RES_0933_1994,11,7,18,1994
933,S_RES_0934_1994,5,6,11,1994
934,S_RES_0935_1994,8,6,14,1994
935,S_RES_0936_1994,4,0,4,1994
936,S_RES_0937_1994,16,13,29,1994
937,S_RES_0938_1994,4,5,9,1994
938,S_RES_0939_1994,6,6,12,1994
939,S_RES_0940_1994,10,18,28,1994
940,S_RES_0941_1994,9,9,18,1994
941,S_RES_0942_1994,8,22,30,1994
942,S_RES_0943_1994,9,6,15,1994
943,S_RES_0944_1994,9,7,16,1994
944,S_RES_0945_1994,9,15,24,1994
945,S_RES_0946_1994,8,4,12,1994
946,S_RES_0947_1994,9,15,24,1994
947,S_RES_0948_1994,7,12,19,1994
948,S_RES_0949_1994,13,6,19,1994
949,S_RES_0950_1994,10,12,22,1994
950,S_RES_0951_1994,4,0,4,1994
951,S_RES_0952_1994,10,11,21,1994
952,S_RES_0953_1994,4,2,6,1994
953,S_RES_0954_1994,21,14,35,1994
954,S_RES_0955_1994,11,8,19,1994
955,S_RES_0956_1994,8,0,8,1994
956,S_RES_0957_1994,5,8,13,1994
957,S_RES_0958_1994,6,0,6,1994
958,S_RES_0959_1994,10,8,18,1994
959,S_RES_0960_1994,2,7,9,1994
960,S_RES_0961_1994,9,11,20,1994
961,S_RES_0962_1994,2,0,2,1994
962,S_RES_0963_1994,2,0,2,1994
963,S_RES_0964_1994,5,9,14,1994
964,S_RES_0965_1994,8,12,20,1994
965,S_RES_0966_1994,11,15,26,1994
966,S_RES_0967_1994,3,3,6,1994
967,S_RES_0968_1994,11,14,25,1994
968,S_RES_0969_1994,9,10,19,1994
969,S_RES_0970_1995,6,8,14,1995
970,S_RES_0971_1995,9,9,18,1995
971,S_RES_0972_1995,9,13,22,1995
972,S_RES_0973_1995,8,12,20,1995
973,S_RES_0974_1995,4,6,10,1995
974,S_RES_0975_1995,9,14,23,1995
975,S_RES_0976_1995,13,18,31,1995
976,S_RES_0977_1995,5,0,5,1995
977,S_RES_0978_1995,9,6,15,1995
978,S_RES_0979_1995,4,0,4,1995
979,S_RES_0980_1995,4,0,4,1995
980,S_RES_0981_1995,11,13,24,1995
981,S_RES_0982_1995,18,13,31,1995
982,S_RES_0983_1995,6,6,12,1995
983,S_RES_0984_1995,7,10,17,1995
984,S_RES_0985_1995,6,8,14,1995
985,S_RES_0986_1995,6,19,25,1995
986,S_RES_0987_1995,6,5,11,1995
987,S_RES_0988_1995,7,18,25,1995
988,S_RES_0989_1995,3,0,3,1995
989,S_RES_0990_1995,4,5,9,1995
990,S_RES_0991_1995,6,5,11,1995
991,S_RES_0992_1995,6,9,15,1995
992,S_RES_0993_1995,14,13,27,1995
993,S_RES_0994_1995,8,12,20,1995
994,S_RES_0995_1995,3,7,10,1995
995,S_RES_0996_1995,2,0,2,1995
996,S_RES_0997_1995,11,12,23,1995
997,S_RES_0998_1995,18,13,31,1995
998,S_RES_0999_1995,14,17,31,1995
999,S_RES_1000_1995,7,11,18,1995
1000,S_RES_1001_1995,11,19,30,1995
1001,S_RES_1002_1995,12,13,25,1995
1002,S_RES_1003_1995,8,5,13,1995
1003,S_RES_1004_1995,10,7,17,1995
1004,S_RES_1005_1995,7,0,7,1995
1005,S_RES_1006_1995,4,7,11,1995
1006,S_RES_1007_1995,9,13,22,1995
1007,S_RES_1008_1995,12,22,34,1995
1008,S_RES_1009_1995,13,11,24,1995
1009,S_RES_1010_1995,8,5,13,1995
1010,S_RES_1011_1995,14,13,27,1995
1011,S_RES_1012_1995,12,10,22,1995
1012,S_RES_1013_1995,6,9,15,1995
1013,S_RES_1014_1995,12,17,29,1995
1014,S_RES_1015_1995,6,4,10,1995
1015,S_RES_1016_1995,5,9,14,1995
1016,S_RES_1017_1995,11,10,21,1995
1017,S_RES_1018_1995,4,0,4,1995
1018,S_RES_1019_1995,8,13,21,1995
1019,S_RES_1020_1995,9,19,28,1995
1020,S_RES_1021_1995,6,5,11,1995
1021,S_RES_1022_1995,11,10,21,1995
1022,S_RES_1023_1995,5,4,9,1995
1023,S_RES_1024_1995,1,0,1,1995
1024,S_RES_1025_1995,9,4,13,1995
1025,S_RES_1026_1995,7,4,11,1995
1026,S_RES_1027_1995,5,6,11,1995
1027,S_RES_1028_1995,2,2,4,1995
1028,S_RES_1029_1995,13,15,28,1995
1029,S_RES_1030_1995,10,16,26,1995
1030,S_RES_1031_1995,10,40,50,1995
1031,S_RES_1032_1995,6,13,19,1995
1032,S_RES_1033_1995,11,6,17,1995
1033,S_RES_1034_1995,8,20,28,1995
1034,S_RES_1035_1995,3,4,7,1995
1035,S_RES_1036_1996,15,14,29,1996
1036,S_RES_1037_1996,10,23,33,1996
1037,S_RES_1038_1996,6,4,10,1996
1038,S_RES_1039_1996,4,7,11,1996
1039,S_RES_1040_1996,11,9,20,1996
1040,S_RES_1041_1996,8,16,24,1996
1041,S_RES_1042_1996,7,9,16,1996
1042,S_RES_1043_1996,2,2,4,1996
1043,S_RES_1044_1996,11,8,19,1996
1044,S_RES_1045_1996,11,23,34,1996
1045,S_RES_1046_1996,2,4,6,1996
1046,S_RES_1047_1996,5,0,5,1996
1047,S_RES_1048_1996,12,14,26,1996
1048,S_RES_1049_1996,12,16,28,1996
1049,S_RES_1050_1996,13,9,22,1996
1050,S_RES_1051_1996,6,17,23,1996
1051,S_RES_1052_1996,7,8,15,1996
1052,S_RES_1053_1996,13,14,27,1996
1053,S_RES_1054_1996,11,9,20,1996
1054,S_RES_1055_1996,15,29,44,1996
1055,S_RES_1056_1996,9,14,23,1996
1056,S_RES_1057_1996,2,0,2,1996
1057,S_RES_1058_1996,9,5,14,1996
1058,S_RES_1059_1996,10,18,28,1996
1059,S_RES_1060_1996,9,4,13,1996
1060,S_RES_1061_1996,8,13,21,1996
1061,S_RES_1062_1996,8,15,23,1996
1062,S_RES_1063_1996,12,9,21,1996
1063,S_RES_1064_1996,14,29,43,1996
1064,S_RES_1065_1996,10,17,27,1996
1065,S_RES_1066_1996,6,6,12,1996
1066,S_RES_1067_1996,5,9,14,1996
1067,S_RES_1068_1996,4,7,11,1996
1068,S_RES_1069_1996,2,2,4,1996
1069,S_RES_1070_1996,12,6,18,1996
1070,S_RES_1071_1996,9,17,26,1996
1071,S_RES_1072_1996,17,13,30,1996
1072,S_RES_1073_1996,6,4,10,1996
1073,S_RES_1074_1996,9,7,16,1996
1074,S_RES_1075_1996,9,25,34,1996
1075,S_RES_1076_1996,12,15,27,1996
1076,S_RES_1077_1996,3,3,6,1996
1077,S_RES_1078_1996,18,14,32,1996
1078,S_RES_1079_1996,9,8,17,1996
1079,S_RES_1080_1996,13,14,27,1996
1080,S_RES_1081_1996,2,0,2,1996
1081,S_RES_1082_1996,9,4,13,1996
1082,S_RES_1083_1996,8,14,22,1996
1083,S_RES_1084_1996,9,11,20,1996
1084,S_RES_1085_1996,1,2,3,1996
1085,S_RES_1086_1996,11,8,19,1996
1086,S_RES_1087_1996,7,22,29,1996
1087,S_RES_1088_1996,12,35,47,1996
1088,S_RES_1089_1996,8,14,22,1996
1089,S_RES_1090_1996,2,0,2,1996
1090,S_RES_1091_1996,3,2,5,1996
1091,S_RES_1092_1996,8,20,28,1996
1092,S_RES_1093_1997,8,7,15,1997
1093,S_RES_1094_1997,8,4,12,1997
1094,S_RES_1095_1997,4,7,11,1997
1095,S_RES_1096_1997,11,21,32,1997
1096,S_RES_1097_1997,6,3,9,1997
1097,S_RES_1098_1997,8,6,14,1997
1098,S_RES_1099_1997,8,13,21,1997
1099,S_RES_1100_1997,8,11,19,1997
1100,S_RES_1101_1997,9,10,19,1997
1101,S_RES_1102_1997,6,8,14,1997
1102,S_RES_1103_1997,7,6,13,1997
1103,S_RES_1104_1997,3,0,3,1997
1104,S_RES_1105_1997,3,4,7,1997
1105,S_RES_1106_1997,6,7,13,1997
1106,S_RES_1107_1997,3,3,6,1997
1107,S_RES_1108_1997,3,5,8,1997
1108,S_RES_1109_1997,2,0,2,1997
1109,S_RES_1110_1997,8,4,12,1997
1110,S_RES_1111_1997,7,6,13,1997
1111,S_RES_1112_1997,2,3,5,1997
1112,S_RES_1113_1997,6,8,14,1997
1113,S_RES_1114_1997,12,10,22,1997
1114,S_RES_1115_1997,6,8,14,1997
1115,S_RES_1116_1997,8,9,17,1997
1116,S_RES_1117_1997,6,17,23,1997
1117,S_RES_1118_1997,8,17,25,1997
1118,S_RES_1119_1997,6,5,11,1997
1119,S_RES_1120_1997,13,19,32,1997
1120,S_RES_1121_1997,5,3,8,1997
1121,S_RES_1122_1997,4,7,11,1997
1122,S_RES_1123_1997,9,11,20,1997
1123,S_RES_1124_1997,10,21,31,1997
1124,S_RES_1125_1997,6,7,13,1997
1125,S_RES_1126_1997,2,0,2,1997
1126,S_RES_1127_1997,9,19,28,1997
1127,S_RES_1128_1997,7,10,17,1997
1128,S_RES_1129_1997,10,5,15,1997
1129,S_RES_1130_1997,3,4,7,1997
1130,S_RES_1131_1997,4,3,7,1997
1131,S_RES_1132_1997,10,20,30,1997
1132,S_RES_1133_1997,5,6,11,1997
1133,S_RES_1134_1997,9,10,19,1997
1134,S_RES_1135_1997,9,13,22,1997
1135,S_RES_1136_1997,9,10,19,1997
1136,S_RES_1137_1997,12,11,23,1997
1137,S_RES_1138_1997,8,13,21,1997
1138,S_RES_1139_1997,2,0,2,1997
1139,S_RES_1140_1997,1,2,3,1997
1140,S_RES_1141_1997,9,10,19,1997
1141,S_RES_1142_1997,10,3,13,1997
1142,S_RES_1143_1997,11,10,21,1997
1143,S_RES_1144_1997,8,8,16,1997
1144,S_RES_1145_1997,9,18,27,1997
1145,S_RES_1146_1997,6,18,24,1997
1146,S_RES_1147_1998,9,9,18,1998
1147,S_RES_1148_1998,4,5,9,1998
1148,S_RES_1149_1998,5,13,18,1998
1149,S_RES_1150_1998,7,14,21,1998
1150,S_RES_1151_1998,4,7,11,1998
1151,S_RES_1152_1998,9,13,22,1998
1152,S_RES_1153_1998,9,16,25,1998
1153,S_RES_1154_1998,4,5,9,1998
1154,S_RES_1155_1998,9,8,17,1998
1155,S_RES_1156_1998,3,5,8,1998
1156,S_RES_1157_1998,5,15,20,1998
1157,S_RES_1158_1998,6,2,8,1998
1158,S_RES_1159_1998,10,20,30,1998
1159,S_RES_1160_1998,8,20,28,1998
1160,S_RES_1161_1998,7,9,16,1998
1161,S_RES_1162_1998,2,11,13,1998
1162,S_RES_1163_1998,5,7,12,1998
1163,S_RES_1164_1998,4,16,20,1998
1164,S_RES_1165_1998,8,7,15,1998
1165,S_RES_1166_1998,6,5,11,1998
1166,S_RES_1167_1998,10,11,21,1998
1167,S_RES_1168_1998,9,5,14,1998
1168,S_RES_1169_1998,2,0,2,1998
1169,S_RES_1170_1998,15,10,25,1998
1170,S_RES_1171_1998,4,9,13,1998
1171,S_RES_1172_1998,8,17,25,1998
1172,S_RES_1173_1998,6,23,29,1998
1173,S_RES_1174_1998,12,26,38,1998
1174,S_RES_1175_1998,7,7,14,1998
1175,S_RES_1176_1998,4,5,9,1998
1176,S_RES_1177_1998,8,9,17,1998
1177,S_RES_1178_1998,4,12,16,1998
1178,S_RES_1179_1998,4,8,12,1998
1179,S_RES_1180_1998,7,9,16,1998
1180,S_RES_1181_1998,6,20,26,1998
1181,S_RES_1182_1998,6,10,16,1998
1182,S_RES_1183_1998,8,7,15,1998
1183,S_RES_1184_1998,5,4,9,1998
1184,S_RES_1185_1998,5,10,15,1998
1185,S_RES_1186_1998,8,3,11,1998
1186,S_RES_1187_1998,7,16,23,1998
1187,S_RES_1188_1998,4,7,11,1998
1188,S_RES_1189_1998,10,6,16,1998
1189,S_RES_1190_1998,5,15,20,1998
1190,S_RES_1191_1998,3,0,3,1998
1191,S_RES_1192_1998,5,10,15,1998
1192,S_RES_1193_1998,13,18,31,1998
1193,S_RES_1194_1998,14,7,21,1998
1194,S_RES_1195_1998,4,10,14,1998
1195,S_RES_1196_1998,7,12,19,1998
1196,S_RES_1197_1998,8,12,20,1998
1197,S_RES_1198_1998,4,6,10,1998
1198,S_RES_1199_1998,15,17,32,1998
1199,S_RES_1200_1998,3,0,3,1998
1200,S_RES_1201_1998,7,13,20,1998
1201,S_RES_1202_1998,9,17,26,1998
1202,S_RES_1203_1998,16,17,33,1998
1203,S_RES_1204_1998,5,8,13,1998
1204,S_RES_1205_1998,8,6,14,1998
1205,S_RES_1206_1998,9,12,21,1998
1206,S_RES_1207_1998,7,6,13,1998
1207,S_RES_1208_1998,11,16,27,1998
1208,S_RES_1209_1998,13,16,29,1998
1209,S_RES_1210_1998,7,14,21,1998
1210,S_RES_1211_1998,2,0,2,1998
1211,S_RES_1212_1998,10,12,22,1998
1212,S_RES_1213_1998,7,14,21,1998
1213,S_RES_1214_1998,15,16,31,1998
1214,S_RES_1215_1998,3,7,10,1998
1215,S_RES_1216_1998,3,14,17,1998
1216,S_RES_1217_1998,8,15,23,1998
1217,S_RES_1218_1998,2,8,10,1998
1218,S_RES_1219_1998,3,7,10,1998
1219,S_RES_1220_1999,3,4,7,1999
1220,S_RES_1221_1999,7,10,17,1999
1221,S_RES_1222_1999,11,7,18,1999
1222,S_RES_1223_1999,4,7,11,1999
1223,S_RES_1224_1999,1,3,4,1999
1224,S_RES_1225_1999,8,15,23,1999
1225,S_RES_1226_1999,5,9,14,1999
1226,S_RES_1227_1999,4,8,12,1999
1227,S_RES_1228_1999,2,5,7,1999
1228,S_RES_1229_1999,10,9,19,1999
1229,S_RES_1230_1999,9,21,30,1999
1230,S_RES_1231_1999,4,12,16,1999
1231,S_RES_1232_1999,3,5,8,1999
1232,S_RES_1233_1999,9,15,24,1999
1233,S_RES_1234_1999,10,17,27,1999
1234,S_RES_1235_1999,2,3,5,1999
1235,S_RES_1236_1999,7,11,18,1999
1236,S_RES_1237_1999,7,14,21,1999
1237,S_RES_1238_1999,3,6,9,1999
1238,S_RES_1239_1999,7,6,13,1999
1239,S_RES_1240_1999,9,11,20,1999
1240,S_RES_1241_1999,2,0,2,1999
1241,S_RES_1242_1999,6,15,21,1999
1242,S_RES_1243_1999,2,0,2,1999
1243,S_RES_1244_1999,13,21,34,1999
1244,S_RES_1245_1999,5,6,11,1999
1245,S_RES_1246_1999,10,15,25,1999
1246,S_RES_1247_1999,12,26,38,1999
1247,S_RES_1248_1999,2,0,2,1999
1248,S_RES_1249_1999,2,0,2,1999
1249,S_RES_1250_1999,3,10,13,1999
1250,S_RES_1251_1999,7,15,22,1999
1251,S_RES_1252_1999,11,7,18,1999
1252,S_RES_1253_1999,2,0,2,1999
1253,S_RES_1254_1999,4,7,11,1999
1254,S_RES_1255_1999,7,15,22,1999
1255,S_RES_1256_1999,2,4,6,1999
1256,S_RES_1257_1999,2,2,4,1999
1257,S_RES_1258_1999,7,13,20,1999
1258,S_RES_1259_1999,5,0,5,1999
1259,S_RES_1260_1999,4,19,23,1999
1260,S_RES_1261_1999,2,21,23,1999
1261,S_RES_1262_1999,7,4,11,1999
1262,S_RES_1263_1999,3,4,7,1999
1263,S_RES_1264_1999,15,13,28,1999
1264,S_RES_1265_1999,12,23,35,1999
1265,S_RES_1266_1999,5,2,7,1999
1266,S_RES_1267_1999,10,16,26,1999
1267,S_RES_1268_1999,8,8,16,1999
1268,S_RES_1269_1999,8,7,15,1999
1269,S_RES_1270_1999,5,27,32,1999
1270,S_RES_1271_1999,11,9,20,1999
1271,S_RES_1272_1999,17,19,36,1999
1272,S_RES_1273_1999,7,4,11,1999
1273,S_RES_1274_1999,10,13,23,1999
1274,S_RES_1275_1999,2,2,4,1999
1275,S_RES_1276_1999,2,0,2,1999
1276,S_RES_1277_1999,5,3,8,1999
1277,S_RES_1278_1999,4,0,4,1999
1278,S_RES_1279_1999,14,10,24,1999
1279,S_RES_1280_1999,2,2,4,1999
1280,S_RES_1281_1999,6,15,21,1999
1281,S_RES_1282_1999,2,5,7,1999
1282,S_RES_1283_1999,2,4,6,1999
1283,S_RES_1284_1999,11,39,50,1999
1284,S_RES_1285_2000,10,7,17,2000
1285,S_RES_1286_2000,8,15,23,2000
1286,S_RES_1287_2000,10,13,23,2000
1287,S_RES_1288_2000,6,7,13,2000
1288,S_RES_1289_2000,7,23,30,2000
1289,S_RES_1290_2000,2,0,2,2000
1290,S_RES_1291_2000,20,20,40,2000
1291,S_RES_1292_2000,6,4,10,2000
1292,S_RES_1293_2000,3,3,6,2000
1293,S_RES_1294_2000,3,4,7,2000
1294,S_RES_1295_2000,12,33,45,2000
1295,S_RES_1296_2000,7,26,33,2000
1296,S_RES_1297_2000,10,10,20,2000
1297,S_RES_1298_2000,14,18,32,2000
1298,S_RES_1299_2000,3,4,7,2000
1299,S_RES_1300_2000,3,0,3,2000
1300,S_RES_1301_2000,5,3,8,2000
1301,S_RES_1302_2000,6,19,25,2000
1302,S_RES_1303_2000,3,4,7,2000
1303,S_RES_1304_2000,18,20,38,2000
1304,S_RES_1305_2000,15,26,41,2000
1305,S_RES_1306_2000,10,25,35,2000
1306,S_RES_1307_2000,13,8,21,2000
1307,S_RES_1308_2000,15,6,21,2000
1308,S_RES_1309_2000,6,3,9,2000
1309,S_RES_1310_2000,6,14,20,2000
1310,S_RES_1311_2000,9,15,24,2000
1311,S_RES_1312_2000,5,9,14,2000
1312,S_RES_1313_2000,3,8,11,2000
1313,S_RES_1314_2000,7,22,29,2000
1314,S_RES_1315_2000,13,9,22,2000
1315,S_RES_1316_2000,10,4,14,2000
1316,S_RES_1317_2000,1,2,3,2000
1317,S_RES_1318_2000,1,0,1,2000
1318,S_RES_1319_2000,6,8,14,2000
1319,S_RES_1320_2000,8,16,24,2000
1320,S_RES_1321_2000,1,3,4,2000
1321,S_RES_1322_2000,5,8,13,2000
1322,S_RES_1323_2000,6,2,8,2000
1323,S_RES_1324_2000,5,3,8,2000
1324,S_RES_1325_2000,11,18,29,2000
1325,S_RES_1326_2000,2,0,2,2000
1326,S_RES_1327_2000,5,3,8,2000
1327,S_RES_1328_2000,1,3,4,2000
1328,S_RES_1329_2000,10,7,17,2000
1329,S_RES_1330_2000,6,22,28,2000
1330,S_RES_1331_2000,3,5,8,2000
1331,S_RES_1332_2000,19,19,38,2000
1332,S_RES_1333_2000,19,26,45,2000
1333,S_RES_1334_2000,2,7,9,2000
1334,S_RES_1335_2001,13,8,21,2001
1335,S_RES_1336_2001,5,8,13,2001
1336,S_RES_1337_2001,6,15,21,2001
1337,S_RES_1338_2001,10,12,22,2001
1338,S_RES_1339_2001,8,17,25,2001
1339,S_RES_1340_2001,3,0,3,2001
1340,S_RES_1341_2001,18,29,47,2001
1341,S_RES_1342_2001,5,3,8,2001
1342,S_RES_1343_2001,12,25,37,2001
1343,S_RES_1344_2001,9,8,17,2001
1344,S_RES_1345_2001,6,13,19,2001
1345,S_RES_1346_2001,5,16,21,2001
1346,S_RES_1347_2001,3,0,3,2001
1347,S_RES_1348_2001,6,8,14,2001
1348,S_RES_1349_2001,5,3,8,2001
1349,S_RES_1350_2001,3,0,3,2001
1350,S_RES_1351_2001,1,3,4,2001
1351,S_RES_1352_2001,6,3,9,2001
1352,S_RES_1353_2001,10,4,14,2001
1353,S_RES_1354_2001,3,5,8,2001
1354,S_RES_1355_2001,17,42,59,2001
1355,S_RES_1356_2001,4,5,9,2001
1356,S_RES_1357_2001,15,26,41,2001
1357,S_RES_1358_2001,2,0,2,2001
1358,S_RES_1359_2001,10,7,17,2001
1359,S_RES_1360_2001,6,14,20,2001
1360,S_RES_1361_2001,4,0,4,2001
1361,S_RES_1362_2001,11,7,18,2001
1362,S_RES_1363_2001,3,11,14,2001
1363,S_RES_1364_2001,9,22,31,2001
1364,S_RES_1365_2001,7,15,22,2001
1365,S_RES_1366_2001,18,23,41,2001
1366,S_RES_1367_2001,5,2,7,2001
1367,S_RES_1368_2001,3,6,9,2001
1368,S_RES_1369_2001,8,10,18,2001
1369,S_RES_1370_2001,6,19,25,2001
1370,S_RES_1371_2001,5,8,13,2001
1371,S_RES_1372_2001,7,1,8,2001
1372,S_RES_1373_2001,10,9,19,2001
1373,S_RES_1374_2001,6,10,16,2001
1374,S_RES_1375_2001,9,8,17,2001
1375,S_RES_1376_2001,5,15,20,2001
1376,S_RES_1377_2001,1,0,1,2001
1377,S_RES_1378_2001,10,6,16,2001
1378,S_RES_1379_2001,6,17,23,2001
1379,S_RES_1380_2001,2,3,5,2001
1380,S_RES_1381_2001,1,3,4,2001
1381,S_RES_1382_2001,5,8,13,2001
1382,S_RES_1383_2001,6,7,13,2001
1383,S_RES_1384_2001,3,5,8,2001
1384,S_RES_1385_2001,10,6,16,2001
1385,S_RES_1386_2001,13,11,24,2001
1386,S_RES_1387_2002,8,7,15,2002
1387,S_RES_1388_2002,3,3,6,2002
1388,S_RES_1389_2002,8,8,16,2002
1389,S_RES_1390_2002,10,11,21,2002
1390,S_RES_1391_2002,7,15,22,2002
1391,S_RES_1392_2002,5,3,8,2002
1392,S_RES_1393_2002,7,19,26,2002
1393,S_RES_1394_2002,2,3,5,2002
1394,S_RES_1395_2002,3,7,10,2002
1395,S_RES_1396_2002,4,8,12,2002
1396,S_RES_1397_2002,7,4,11,2002
1397,S_RES_1398_2002,9,18,27,2002
1398,S_RES_1399_2002,4,11,15,2002
1399,S_RES_1400_2002,12,17,29,2002
1400,S_RES_1401_2002,10,8,18,2002
1401,S_RES_1402_2002,2,4,6,2002
1402,S_RES_1403_2002,2,4,6,2002
1403,S_RES_1404_2002,8,9,17,2002
1404,S_RES_1405_2002,4,3,7,2002
1405,S_RES_1406_2002,1,2,3,2002
1406,S_RES_1407_2002,5,10,15,2002
1407,S_RES_1408_2002,12,22,34,2002
1408,S_RES_1409_2002,6,9,15,2002
1409,S_RES_1410_2002,15,14,29,2002
1410,S_RES_1411_2002,5,3,8,2002
1411,S_RES_1412_2002,9,3,12,2002
1412,S_RES_1413_2002,10,5,15,2002
1413,S_RES_1414_2002,2,0,2,2002
1414,S_RES_1415_2002,1,3,4,2002
1415,S_RES_1416_2002,3,5,8,2002
1416,S_RES_1417_2002,11,17,28,2002
1417,S_RES_1418_2002,2,2,4,2002
1418,S_RES_1419_2002,5,13,18,2002
1419,S_RES_1420_2002,2,2,4,2002
1420,S_RES_1421_2002,2,2,4,2002
1421,S_RES_1422_2002,8,4,12,2002
1422,S_RES_1423_2002,17,27,44,2002
1423,S_RES_1424_2002,7,4,11,2002
1424,S_RES_1425_2002,6,17,23,2002
1425,S_RES_1426_2002,2,0,2,2002
1426,S_RES_1427_2002,8,19,27,2002
1427,S_RES_1428_2002,7,15,22,2002
1428,S_RES_1429_2002,11,8,19,2002
1429,S_RES_1430_2002,8,14,22,2002
1430,S_RES_1431_2002,5,4,9,2002
1431,S_RES_1432_2002,8,3,11,2002
1432,S_RES_1433_2002,7,6,13,2002
1433,S_RES_1434_2002,5,3,8,2002
1434,S_RES_1435_2002,6,6,12,2002
1435,S_RES_1436_2002,9,18,27,2002
1436,S_RES_1437_2002,7,7,14,2002
1437,S_RES_1438_2002,2,4,6,2002
1438,S_RES_1439_2002,8,10,18,2002
1439,S_RES_1440_2002,2,5,7,2002
1440,S_RES_1441_2002,18,14,32,2002
1441,S_RES_1442_2002,3,5,8,2002
1442,S_RES_1443_2002,6,2,8,2002
1443,S_RES_1444_2002,10,5,15,2002
1444,S_RES_1445_2002,8,25,33,2002
1445,S_RES_1446_2002,10,6,16,2002
1446,S_RES_1447_2002,6,6,12,2002
1447,S_RES_1448_2002,5,4,9,2002
1448,S_RES_1449_2002,3,0,3,2002
1449,S_RES_1450_2002,4,4,8,2002
1450,S_RES_1451_2002,1,3,4,2002
1451,S_RES_1452_2002,4,6,10,2002
1452,S_RES_1453_2002,4,4,8,2002
1453,S_RES_1454_2002,6,5,11,2002
1454,S_RES_1455_2003,8,16,24,2003
1455,S_RES_1456_2003,1,0,1,2003
1456,S_RES_1457_2003,6,21,27,2003
1457,S_RES_1458_2003,4,8,12,2003
1458,S_RES_1459_2003,9,2,11,2003
1459,S_RES_1460_2003,9,17,26,2003
1460,S_RES_1461_2003,8,13,21,2003
1461,S_RES_1462_2003,7,22,29,2003
1462,S_RES_1463_2003,1,3,4,2003
1463,S_RES_1464_2003,7,12,19,2003
1464,S_RES_1465_2003,2,4,6,2003
1465,S_RES_1466_2003,9,18,27,2003
1466,S_RES_1467_2003,1,0,1,2003
1467,S_RES_1468_2003,7,20,27,2003
1468,S_RES_1469_2003,1,3,4,2003
1469,S_RES_1470_2003,9,18,27,2003
1470,S_RES_1471_2003,4,10,14,2003
1471,S_RES_1472_2003,9,12,21,2003
1472,S_RES_1473_2003,7,6,13,2003
1473,S_RES_1474_2003,8,13,21,2003
1474,S_RES_1475_2003,3,6,9,2003
1475,S_RES_1476_2003,2,2,4,2003
1476,S_RES_1477_2003,3,0,3,2003
1477,S_RES_1478_2003,14,34,48,2003
1478,S_RES_1479_2003,9,19,28,2003
1479,S_RES_1480_2003,10,2,12,2003
1480,S_RES_1481_2003,5,2,7,2003
1481,S_RES_1482_2003,2,3,5,2003
1482,S_RES_1483_2003,18,27,45,2003
1483,S_RES_1484_2003,9,10,19,2003
1484,S_RES_1485_2003,3,2,5,2003
1485,S_RES_1486_2003,3,7,10,2003
1486,S_RES_1487_2003,8,4,12,2003
1487,S_RES_1488_2003,1,3,4,2003
1488,S_RES_1489_2003,5,2,7,2003
1489,S_RES_1490_2003,7,6,13,2003
1490,S_RES_1491_2003,13,21,34,2003
1491,S_RES_1492_2003,3,4,7,2003
1492,S_RES_1493_2003,12,32,44,2003
1493,S_RES_1494_2003,8,29,37,2003
1494,S_RES_1495_2003,7,8,15,2003
1495,S_RES_1496_2003,8,12,20,2003
1496,S_RES_1497_2003,9,16,25,2003
1497,S_RES_1498_2003,8,3,11,2003
1498,S_RES_1499_2003,8,5,13,2003
1499,S_RES_1500_2003,4,3,7,2003
1500,S_RES_1501_2003,8,3,11,2003
1501,S_RES_1502_2003,6,6,12,2003
1502,S_RES_1503_2003,13,10,23,2003
1503,S_RES_1504_2003,6,0,6,2003
1504,S_RES_1505_2003,5,0,5,2003
1505,S_RES_1506_2003,5,3,8,2003
1506,S_RES_1507_2003,9,9,18,2003
1507,S_RES_1508_2003,6,12,18,2003
1508,S_RES_1509_2003,22,20,42,2003
1509,S_RES_1510_2003,12,6,18,2003
1510,S_RES_1511_2003,8,26,34,2003
1511,S_RES_1512_2003,6,2,8,2003
1512,S_RES_1513_2003,1,3,4,2003
1513,S_RES_1514_2003,11,3,14,2003
1514,S_RES_1515_2003,6,3,9,2003
1515,S_RES_1516_2003,2,4,6,2003
1516,S_RES_1517_2003,3,6,9,2003
1517,S_RES_1518_2003,5,4,9,2003
1518,S_RES_1519_2003,9,12,21,2003
1519,S_RES_1520_2003,1,3,4,2003
1520,S_RES_1521_2003,11,27,38,2003
1521,S_RES_1522_2004,4,5,9,2004
1522,S_RES_1523_2004,1,3,4,2004
1523,S_RES_1524_2004,9,31,40,2004
1524,S_RES_1525_2004,9,12,21,2004
1525,S_RES_1526_2004,8,25,33,2004
1526,S_RES_1527_2004,10,7,17,2004
1527,S_RES_1528_2004,18,18,36,2004
1528,S_RES_1529_2004,10,11,21,2004
1529,S_RES_1530_2004,2,4,6,2004
1530,S_RES_1531_2004,10,11,21,2004
1531,S_RES_1532_2004,6,7,13,2004
1532,S_RES_1533_2004,8,14,22,2004
1533,S_RES_1534_2004,9,11,20,2004
1534,S_RES_1535_2004,15,8,23,2004
1535,S_RES_1536_2004,10,15,25,2004
1536,S_RES_1537_2004,12,12,24,2004
1537,S_RES_1538_2004,5,4,9,2004
1538,S_RES_1539_2004,9,16,25,2004
1539,S_RES_1540_2004,15,12,27,2004
1540,S_RES_1541_2004,3,6,9,2004
1541,S_RES_1542_2004,10,17,27,2004
1542,S_RES_1543_2004,11,11,22,2004
1543,S_RES_1544_2004,9,5,14,2004
1544,S_RES_1545_2004,23,23,46,2004
1545,S_RES_1546_2004,21,32,53,2004
1546,S_RES_1547_2004,8,8,16,2004
1547,S_RES_1548_2004,4,5,9,2004
1548,S_RES_1549_2004,3,8,11,2004
1549,S_RES_1550_2004,1,3,4,2004
1550,S_RES_1551_2004,15,24,39,2004
1551,S_RES_1552_2004,6,7,13,2004
1552,S_RES_1553_2004,9,12,21,2004
1553,S_RES_1554_2004,8,30,38,2004
1554,S_RES_1555_2004,7,3,10,2004
1555,S_RES_1556_2004,22,17,39,2004
1556,S_RES_1557_2004,5,3,8,2004
1557,S_RES_1558_2004,6,7,13,2004
1558,S_RES_1559_2004,6,7,13,2004
1559,S_RES_1560_2004,8,12,20,2004
1560,S_RES_1561_2004,5,5,10,2004
1561,S_RES_1562_2004,11,8,19,2004
1562,S_RES_1563_2004,12,6,18,2004
1563,S_RES_1564_2004,15,16,31,2004
1564,S_RES_1565_2004,9,28,37,2004
1565,S_RES_1566_2004,11,12,23,2004
1566,S_RES_1567_2004,3,0,3,2004
1567,S_RES_1568_2004,8,6,14,2004
1568,S_RES_1569_2004,1,3,4,2004
1569,S_RES_1570_2004,4,4,8,2004
1570,S_RES_1571_2004,4,0,4,2004
1571,S_RES_1572_2004,9,20,29,2004
1572,S_RES_1573_2004,10,8,18,2004
1573,S_RES_1574_2004,14,18,32,2004
1574,S_RES_1575_2004,21,22,43,2004
1575,S_RES_1576_2004,13,6,19,2004
1576,S_RES_1577_2004,15,7,22,2004
1577,S_RES_1578_2004,1,3,4,2004
1578,S_RES_1579_2004,14,13,27,2004
1579,S_RES_1580_2004,7,12,19,2004
1580,S_RES_1581_2005,4,2,6,2005
1581,S_RES_1582_2005,8,33,41,2005
1582,S_RES_1583_2005,10,13,23,2005
1583,S_RES_1584_2005,9,15,24,2005
1584,S_RES_1585_2005,4,0,4,2005
1585,S_RES_1586_2005,12,14,26,2005
1586,S_RES_1587_2005,9,8,17,2005
1587,S_RES_1588_2005,4,0,4,2005
1588,S_RES_1589_2005,7,14,21,2005
1589,S_RES_1590_2005,23,18,41,2005
1590,S_RES_1591_2005,18,9,27,2005
1591,S_RES_1592_2005,13,13,26,2005
1592,S_RES_1593_2005,6,9,15,2005
1593,S_RES_1594_2005,7,3,10,2005
1594,S_RES_1595_2005,8,9,17,2005
1595,S_RES_1596_2005,10,23,33,2005
1596,S_RES_1597_2005,8,3,11,2005
1597,S_RES_1598_2005,5,6,11,2005
1598,S_RES_1599_2005,12,11,23,2005
1599,S_RES_1600_2005,6,6,12,2005
1600,S_RES_1601_2005,3,3,6,2005
1601,S_RES_1602_2005,18,7,25,2005
1602,S_RES_1603_2005,13,21,34,2005
1603,S_RES_1604_2005,12,6,18,2005
1604,S_RES_1605_2005,1,4,5,2005
1605,S_RES_1606_2005,7,2,9,2005
1606,S_RES_1607_2005,16,17,33,2005
1607,S_RES_1608_2005,12,19,31,2005
1608,S_RES_1609_2005,8,13,21,2005
1609,S_RES_1610_2005,8,10,18,2005
1610,S_RES_1611_2005,2,4,6,2005
1611,S_RES_1612_2005,9,21,30,2005
1612,S_RES_1613_2005,3,0,3,2005
1613,S_RES_1614_2005,11,15,26,2005
1614,S_RES_1615_2005,8,35,43,2005
1615,S_RES_1616_2005,7,6,13,2005
1616,S_RES_1617_2005,14,22,36,2005
1617,S_RES_1618_2005,6,10,16,2005
1618,S_RES_1619_2005,5,3,8,2005
1619,S_RES_1620_2005,8,7,15,2005
1620,S_RES_1621_2005,10,5,15,2005
1621,S_RES_1622_2005,8,15,23,2005
1622,S_RES_1623_2005,14,6,20,2005
1623,S_RES_1624_2005,15,6,21,2005
1624,S_RES_1625_2005,1,0,1,2005
1625,S_RES_1626_2005,11,15,26,2005
1626,S_RES_1627_2005,7,4,11,2005
1627,S_RES_1628_2005,3,2,5,2005
1628,S_RES_1629_2005,2,0,2,2005
1629,S_RES_1630_2005,12,8,20,2005
1630,S_RES_1631_2005,10,12,22,2005
1631,S_RES_1632_2005,5,3,8,2005
1632,S_RES_1633_2005,11,25,36,2005
1633,S_RES_1634_2005,6,5,11,2005
1634,S_RES_1635_2005,11,9,20,2005
1635,S_RES_1636_2005,21,15,36,2005
1636,S_RES_1637_2005,19,7,26,2005
1637,S_RES_1638_2005,5,2,7,2005
1638,S_RES_1639_2005,22,22,44,2005
1639,S_RES_1640_2005,8,8,16,2005
1640,S_RES_1641_2005,4,2,6,2005
1641,S_RES_1642_2005,14,6,20,2005
1642,S_RES_1643_2005,12,14,26,2005
1643,S_RES_1644_2005,10,9,19,2005
1644,S_RES_1645_2005,13,28,41,2005
1645,S_RES_1646_2005,1,2,3,2005
1646,S_RES_1647_2005,9,12,21,2005
1647,S_RES_1648_2005,1,4,5,2005
1648,S_RES_1649_2005,15,20,35,2005
1649,S_RES_1650_2005,15,11,26,2005
1650,S_RES_1651_2005,8,3,11,2005
1651,S_RES_1652_2006,7,4,11,2006
1652,S_RES_1653_2006,15,20,35,2006
1653,S_RES_1654_2006,4,4,8,2006
1654,S_RES_1655_2006,9,16,25,2006
1655,S_RES_1656_2006,2,2,4,2006
1656,S_RES_1657_2006,7,4,11,2006
1657,S_RES_1658_2006,21,4,25,2006
1658,S_RES_1659_2006,9,8,17,2006
1659,S_RES_1660_2006,4,2,6,2006
1660,S_RES_1661_2006,7,0,7,2006
1661,S_RES_1662_2006,12,21,33,2006
1662,S_RES_1663_2006,9,10,19,2006
1663,S_RES_1664_2006,6,4,10,2006
1664,S_RES_1665_2006,9,4,13,2006
1665,S_RES_1666_2006,4,14,18,2006
1666,S_RES_1667_2006,8,6,14,2006
1667,S_RES_1668_2006,4,0,4,2006
1668,S_RES_1669_2006,7,2,9,2006
1669,S_RES_1670_2006,8,5,13,2006
1670,S_RES_1671_2006,13,18,31,2006
1671,S_RES_1672_2006,4,2,6,2006
1672,S_RES_1673_2006,7,7,14,2006
1673,S_RES_1674_2006,10,28,38,2006
1674,S_RES_1675_2006,4,6,10,2006
1675,S_RES_1676_2006,13,8,21,2006
1676,S_RES_1677_2006,3,4,7,2006
1677,S_RES_1678_2006,3,6,9,2006
1678,S_RES_1679_2006,15,6,21,2006
1679,S_RES_1680_2006,6,8,14,2006
1680,S_RES_1681_2006,10,8,18,2006
1681,S_RES_1682_2006,6,4,10,2006
1682,S_RES_1683_2006,6,5,11,2006
1683,S_RES_1684_2006,7,0,7,2006
1684,S_RES_1685_2006,1,4,5,2006
1685,S_RES_1686_2006,7,5,12,2006
1686,S_RES_1687_2006,13,7,20,2006
1687,S_RES_1688_2006,15,12,27,2006
1688,S_RES_1689_2006,15,6,21,2006
1689,S_RES_1690_2006,7,8,15,2006
1690,S_RES_1691_2006,2,0,2,2006
1691,S_RES_1692_2006,8,4,12,2006
1692,S_RES_1693_2006,10,6,16,2006
1693,S_RES_1694_2006,4,2,6,2006
1694,S_RES_1695_2006,13,8,21,2006
1695,S_RES_1696_2006,10,10,20,2006
1696,S_RES_1697_2006,4,3,7,2006
1697,S_RES_1698_2006,12,23,35,2006
1698,S_RES_1699_2006,6,3,9,2006
1699,S_RES_1700_2006,7,4,11,2006
1700,S_RES_1701_2006,10,19,29,2006
1701,S_RES_1702_2006,20,21,41,2006
1702,S_RES_1703_2006,3,2,5,2006
1703,S_RES_1704_2006,15,14,29,2006
1704,S_RES_1705_2006,2,0,2,2006
1705,S_RES_1706_2006,12,15,27,2006
1706,S_RES_1707_2006,14,6,20,2006
1707,S_RES_1708_2006,5,3,8,2006
1708,S_RES_1709_2006,5,2,7,2006
1709,S_RES_1710_2006,8,12,20,2006
1710,S_RES_1711_2006,16,11,27,2006
1711,S_RES_1712_2006,10,7,17,2006
1712,S_RES_1713_2006,10,4,14,2006
1713,S_RES_1714_2006,11,4,15,2006
1714,S_RES_1715_2006,1,0,1,2006
1715,S_RES_1716_2006,5,20,25,2006
1716,S_RES_1717_2006,5,4,9,2006
1717,S_RES_1718_2006,10,17,27,2006
1718,S_RES_1719_2006,14,15,29,2006
1719,S_RES_1720_2006,5,6,11,2006
1720,S_RES_1721_2006,15,33,48,2006
1721,S_RES_1722_2006,22,22,44,2006
1722,S_RES_1723_2006,23,7,30,2006
1723,S_RES_1724_2006,12,7,19,2006
1724,S_RES_1725_2006,14,9,23,2006
1725,S_RES_1726_2006,7,2,9,2006
1726,S_RES_1727_2006,6,13,19,2006
1727,S_RES_1728_2006,14,8,22,2006
1728,S_RES_1729_2006,1,4,5,2006
1729,S_RES_1730_2006,5,3,8,2006
1730,S_RES_1731_2006,11,8,19,2006
1731,S_RES_1732_2006,1,0,1,2006
1732,S_RES_1733_2006,3,2,5,2006
1733,S_RES_1734_2006,11,13,24,2006
1734,S_RES_1735_2006,16,34,50,2006
1735,S_RES_1736_2006,10,2,12,2006
1736,S_RES_1737_2006,10,25,35,2006
1737,S_RES_1738_2006,11,12,23,2006
1738,S_RES_1739_2007,8,10,18,2007
1739,S_RES_1740_2007,9,6,15,2007
1740,S_RES_1741_2007,8,14,22,2007
1741,S_RES_1742_2007,8,3,11,2007
1742,S_RES_1743_2007,17,24,41,2007
1743,S_RES_1744_2007,12,13,25,2007
1744,S_RES_1745_2007,18,15,33,2007
1745,S_RES_1746_2007,12,29,41,2007
1746,S_RES_1747_2007,10,14,24,2007
1747,S_RES_1748_2007,7,4,11,2007
1748,S_RES_1749_2007,9,2,11,2007
1749,S_RES_1750_2007,11,6,17,2007
1750,S_RES_1751_2007,4,2,6,2007
1751,S_RES_1752_2007,5,16,21,2007
1752,S_RES_1753_2007,7,4,11,2007
1753,S_RES_1754_2007,6,9,15,2007
1754,S_RES_1755_2007,18,6,24,2007
1755,S_RES_1756_2007,19,24,43,2007
1756,S_RES_1757_2007,13,4,17,2007
1757,S_RES_1758_2007,16,10,26,2007
1758,S_RES_1759_2007,1,4,5,2007
1759,S_RES_1760_2007,11,3,14,2007
1760,S_RES_1761_2007,4,3,7,2007
1761,S_RES_1762_2007,7,7,14,2007
1762,S_RES_1763_2007,8,2,10,2007
1763,S_RES_1764_2007,2,6,8,2007
1764,S_RES_1765_2007,11,11,22,2007
1765,S_RES_1766_2007,13,7,20,2007
1766,S_RES_1767_2007,10,17,27,2007
1767,S_RES_1768_2007,7,5,12,2007
1768,S_RES_1769_2007,16,25,41,2007
1769,S_RES_1770_2007,12,6,18,2007
1770,S_RES_1771_2007,12,15,27,2007
1771,S_RES_1772_2007,17,22,39,2007
1772,S_RES_1773_2007,17,10,27,2007
1773,S_RES_1774_2007,6,0,6,2007
1774,S_RES_1775_2007,7,0,7,2007
1775,S_RES_1776_2007,22,7,29,2007
1776,S_RES_1777_2007,12,7,19,2007
1777,S_RES_1778_2007,17,21,38,2007
1778,S_RES_1779_2007,11,5,16,2007
1779,S_RES_1780_2007,22,23,45,2007
1780,S_RES_1781_2007,7,22,29,2007
1781,S_RES_1782_2007,12,16,28,2007
1782,S_RES_1783_2007,8,10,18,2007
1783,S_RES_1784_2007,14,17,31,2007
1784,S_RES_1785_2007,22,22,44,2007
1785,S_RES_1786_2007,6,0,6,2007
1786,S_RES_1787_2007,5,3,8,2007
1787,S_RES_1788_2007,1,4,5,2007
1788,S_RES_1789_2007,16,10,26,2007
1789,S_RES_1790_2007,25,6,31,2007
1790,S_RES_1791_2007,11,9,20,2007
1791,S_RES_1792_2007,12,10,22,2007
1792,S_RES_1793_2007,10,12,22,2007
1793,S_RES_1794_2007,23,22,45,2007
1794,S_RES_1795_2008,13,14,27,2008
1795,S_RES_1796_2008,13,6,19,2008
1796,S_RES_1797_2008,5,2,7,2008
1797,S_RES_1798_2008,9,14,23,2008
1798,S_RES_1799_2008,6,5,11,2008
1799,S_RES_1800_2008,6,2,8,2008
1800,S_RES_1801_2008,19,16,35,2008
1801,S_RES_1802_2008,13,17,30,2008
1802,S_RES_1803_2008,13,20,33,2008
1803,S_RES_1804_2008,9,10,19,2008
1804,S_RES_1805_2008,8,11,19,2008
1805,S_RES_1806_2008,14,35,49,2008
1806,S_RES_1807_2008,19,23,42,2008
1807,S_RES_1808_2008,8,19,27,2008
1808,S_RES_1809_2008,14,18,32,2008
1809,S_RES_1810_2008,15,15,30,2008
1810,S_RES_1811_2008,11,7,18,2008
1811,S_RES_1812_2008,12,26,38,2008
1812,S_RES_1813_2008,10,11,21,2008
1813,S_RES_1814_2008,19,20,39,2008
1814,S_RES_1815_2008,7,4,11,2008
1815,S_RES_1816_2008,13,16,29,2008
1816,S_RES_1817_2008,15,16,31,2008
1817,S_RES_1818_2008,15,9,24,2008
1818,S_RES_1819_2008,10,8,18,2008
1819,S_RES_1820_2008,9,16,25,2008
1820,S_RES_1821_2008,1,4,5,2008
1821,S_RES_1822_2008,19,41,60,2008
1822,S_RES_1823_2008,8,2,10,2008
1823,S_RES_1824_2008,9,6,15,2008
1824,S_RES_1825_2008,15,9,24,2008
1825,S_RES_1826_2008,14,19,33,2008
1826,S_RES_1827_2008,7,6,13,2008
1827,S_RES_1828_2008,14,19,33,2008
1828,S_RES_1829_2008,10,10,20,2008
1829,S_RES_1830_2008,15,7,22,2008
1830,S_RES_1831_2008,13,6,19,2008
1831,S_RES_1832_2008,6,8,14,2008
1832,S_RES_1833_2008,24,7,31,2008
1833,S_RES_1834_2008,16,14,30,2008
1834,S_RES_1835_2008,2,5,7,2008
1835,S_RES_1836_2008,14,9,23,2008
1836,S_RES_1837_2008,6,6,12,2008
1837,S_RES_1838_2008,13,10,23,2008
1838,S_RES_1839_2008,2,2,4,2008
1839,S_RES_1840_2008,26,29,55,2008
1840,S_RES_1841_2008,12,5,17,2008
1841,S_RES_1842_2008,10,17,27,2008
1842,S_RES_1843_2008,10,6,16,2008
1843,S_RES_1844_2008,12,27,39,2008
1844,S_RES_1845_2008,24,22,46,2008
1845,S_RES_1846_2008,15,20,35,2008
1846,S_RES_1847_2008,19,11,30,2008
1847,S_RES_1848_2008,1,4,5,2008
1848,S_RES_1849_2008,8,0,8,2008
1849,S_RES_1850_2008,6,7,13,2008
1850,S_RES_1851_2008,12,13,25,2008
1851,S_RES_1852_2008,8,3,11,2008
1852,S_RES_1853_2008,12,7,19,2008
1853,S_RES_1854_2008,12,9,21,2008
1854,S_RES_1855_2008,6,3,9,2008
1855,S_RES_1856_2008,20,27,47,2008
1856,S_RES_1857_2008,13,27,40,2008
1857,S_RES_1858_2008,12,19,31,2008
1858,S_RES_1859_2008,18,6,24,2008
1859,S_RES_1860_2009,9,10,19,2009
1860,S_RES_1861_2009,19,31,50,2009
1861,S_RES_1862_2009,8,9,17,2009
1862,S_RES_1863_2009,13,25,38,2009
1863,S_RES_1864_2009,16,9,25,2009
1864,S_RES_1865_2009,15,30,45,2009
1865,S_RES_1866_2009,5,9,14,2009
1866,S_RES_1867_2009,15,19,34,2009
1867,S_RES_1868_2009,22,37,59,2009
1868,S_RES_1869_2009,2,6,8,2009
1869,S_RES_1870_2009,15,29,44,2009
1870,S_RES_1871_2009,12,11,23,2009
1871,S_RES_1872_2009,18,24,42,2009
1872,S_RES_1873_2009,21,11,32,2009
1873,S_RES_1874_2009,10,34,44,2009
1874,S_RES_1875_2009,1,4,5,2009
1875,S_RES_1876_2009,12,15,27,2009
1876,S_RES_1877_2009,14,9,23,2009
1877,S_RES_1878_2009,14,9,23,2009
1878,S_RES_1879_2009,18,8,26,2009
1879,S_RES_1880_2009,14,34,48,2009
1880,S_RES_1881_2009,11,16,27,2009
1881,S_RES_1882_2009,12,20,32,2009
1882,S_RES_1883_2009,16,7,23,2009
1883,S_RES_1884_2009,12,9,21,2009
1884,S_RES_1885_2009,18,12,30,2009
1885,S_RES_1886_2009,10,9,19,2009
1886,S_RES_1887_2009,24,29,53,2009
1887,S_RES_1888_2009,21,29,50,2009
1888,S_RES_1889_2009,16,20,36,2009
1889,S_RES_1890_2009,26,7,33,2009
1890,S_RES_1891_2009,15,7,22,2009
1891,S_RES_1892_2009,27,28,55,2009
1892,S_RES_1893_2009,7,21,28,2009
1893,S_RES_1894_2009,22,36,58,2009
1894,S_RES_1895_2009,23,22,45,2009
1895,S_RES_1896_2009,17,22,39,2009
1896,S_RES_1897_2009,15,20,35,2009
1897,S_RES_1898_2009,21,11,32,2009
1898,S_RES_1899_2009,1,4,5,2009
1899,S_RES_1900_2009,8,5,13,2009
1900,S_RES_1901_2009,8,4,12,2009
1901,S_RES_1902_2009,13,23,36,2009
1902,S_RES_1903_2009,12,15,27,2009
1903,S_RES_1904_2009,14,49,63,2009
1904,S_RES_1905_2009,5,6,11,2009
1905,S_RES_1906_2009,17,45,62,2009
1906,S_RES_1907_2009,18,23,41,2009
1907,S_RES_1908_2010,5,3,8,2010
1908,S_RES_1909_2010,17,8,25,2010
1909,S_RES_1910_2010,20,21,41,2010
1910,S_RES_1911_2010,12,23,35,2010
1911,S_RES_1912_2010,16,19,35,2010
1912,S_RES_1913_2010,3,2,5,2010
1913,S_RES_1914_2010,4,0,4,2010
1914,S_RES_1915_2010,7,2,9,2010
1915,S_RES_1916_2010,12,13,25,2010
1916,S_RES_1917_2010,24,41,65,2010
1917,S_RES_1918_2010,17,5,22,2010
1918,S_RES_1919_2010,16,25,41,2010
1919,S_RES_1920_2010,14,11,25,2010
1920,S_RES_1921_2010,17,8,25,2010
1921,S_RES_1922_2010,3,2,5,2010
1922,S_RES_1923_2010,19,28,47,2010
1923,S_RES_1924_2010,4,3,7,2010
1924,S_RES_1925_2010,19,23,42,2010
1925,S_RES_1926_2010,4,0,4,2010
1926,S_RES_1927_2010,13,9,22,2010
1927,S_RES_1928_2010,4,4,8,2010
1928,S_RES_1929_2010,24,38,62,2010
1929,S_RES_1930_2010,21,11,32,2010
1930,S_RES_1931_2010,11,9,20,2010
1931,S_RES_1932_2010,11,8,19,2010
1932,S_RES_1933_2010,11,30,41,2010
1933,S_RES_1934_2010,1,4,5,2010
1934,S_RES_1935_2010,14,21,35,2010
1935,S_RES_1936_2010,15,6,21,2010
1936,S_RES_1937_2010,13,13,26,2010
1937,S_RES_1938_2010,20,12,32,2010
1938,S_RES_1939_2010,17,8,25,2010
1939,S_RES_1940_2010,10,2,12,2010
1940,S_RES_1941_2010,13,12,25,2010
1941,S_RES_1942_2010,5,3,8,2010
1942,S_RES_1943_2010,31,7,38,2010
1943,S_RES_1944_2010,23,23,46,2010
1944,S_RES_1945_2010,16,14,30,2010
1945,S_RES_1946_2010,8,17,25,2010
1946,S_RES_1947_2010,3,6,9,2010
1947,S_RES_1948_2010,26,22,48,2010
1948,S_RES_1949_2010,14,21,35,2010
1949,S_RES_1950_2010,21,24,45,2010
1950,S_RES_1951_2010,6,2,8,2010
1951,S_RES_1952_2010,14,23,37,2010
1952,S_RES_1953_2010,22,10,32,2010
1953,S_RES_1954_2010,7,5,12,2010
1954,S_RES_1955_2010,9,5,14,2010
1955,S_RES_1956_2010,5,7,12,2010
1956,S_RES_1957_2010,10,4,14,2010
1957,S_RES_1958_2010,7,9,16,2010
1958,S_RES_1959_2010,14,16,30,2010
1959,S_RES_1960_2010,17,19,36,2010
1960,S_RES_1961_2010,11,13,24,2010
1961,S_RES_1962_2010,20,20,40,2010
1962,S_RES_1963_2010,24,18,42,2010
1963,S_RES_1964_2010,22,21,43,2010
1964,S_RES_1965_2010,1,4,5,2010
1965,S_RES_1966_2010,9,19,28,2010
1966,S_RES_1967_2011,6,12,18,2011
1967,S_RES_1968_2011,6,3,9,2011
1968,S_RES_1969_2011,24,22,46,2011
1969,S_RES_1970_2011,15,28,43,2011
1970,S_RES_1971_2011,5,3,8,2011
1971,S_RES_1972_2011,9,6,15,2011
1972,S_RES_1973_2011,22,28,50,2011
1973,S_RES_1974_2011,26,44,70,2011
1974,S_RES_1975_2011,15,13,28,2011
1975,S_RES_1976_2011,17,28,45,2011
1976,S_RES_1977_2011,22,23,45,2011
1977,S_RES_1978_2011,3,5,8,2011
1978,S_RES_1979_2011,20,15,35,2011
1979,S_RES_1980_2011,11,24,35,2011
1980,S_RES_1981_2011,6,6,12,2011
1981,S_RES_1982_2011,4,4,8,2011
1982,S_RES_1983_2011,16,11,27,2011
1983,S_RES_1984_2011,7,5,12,2011
1984,S_RES_1985_2011,7,5,12,2011
1985,S_RES_1986_2011,22,13,35,2011
1986,S_RES_1987_2011,2,0,2,2011
1987,S_RES_1988_2011,19,35,54,2011
1988,S_RES_1989_2011,20,60,80,2011
1989,S_RES_1990_2011,15,14,29,2011
1990,S_RES_1991_2011,18,24,42,2011
1991,S_RES_1992_2011,5,5,10,2011
1992,S_RES_1993_2011,9,7,16,2011
1993,S_RES_1994_2011,3,6,9,2011
1994,S_RES_1995_2011,9,8,17,2011
1995,S_RES_1996_2011,19,28,47,2011
1996,S_RES_1997_2011,5,7,12,2011
1997,S_RES_1998_2011,1,23,24,2011
1998,S_RES_1999_2011,2,0,2,2011
1999,S_RES_2000_2011,20,20,40,2011
2000,S_RES_2001_2011,14,6,20,2011
2001,S_RES_2002_2011,16,11,27,2011
2002,S_RES_2003_2011,18,25,43,2011
2003,S_RES_2004_2011,16,12,28,2011
2004,S_RES_2005_2011,14,13,27,2011
2005,S_RES_2006_2011,5,0,5,2011
2006,S_RES_2007_2011,5,0,5,2011
2007,S_RES_2008_2011,19,16,35,2011
2008,S_RES_2009_2011,16,23,39,2011
2009,S_RES_2010_2011,25,30,55,2011
2010,S_RES_2011_2011,41,8,49,2011
2011,S_RES_2012_2011,29,25,54,2011
2012,S_RES_2013_2011,6,3,9,2011
2013,S_RES_2014_2011,18,13,31,2011
2014,S_RES_2015_2011,17,20,37,2011
2015,S_RES_2016_2011,14,7,21,2011
2016,S_RES_2017_2011,13,7,20,2011
2017,S_RES_2018_2011,13,8,21,2011
2018,S_RES_2019_2011,26,22,48,2011
2019,S_RES_2020_2011,27,31,58,2011
2020,S_RES_2021_2011,13,22,35,2011
2021,S_RES_2022_2011,8,3,11,2011
2022,S_RES_2023_2011,15,20,35,2011
2023,S_RES_2024_2011,7,6,13,2011
2024,S_RES_2025_2011,14,13,27,2011
2025,S_RES_2026_2011,22,13,35,2011
2026,S_RES_2027_2011,15,15,30,2011
2027,S_RES_2028_2011,4,7,11,2011
2028,S_RES_2029_2011,10,6,16,2011
2029,S_RES_2030_2011,14,18,32,2011
2030,S_RES_2031_2011,16,24,40,2011
2031,S_RES_2032_2011,23,14,37,2011
2032,S_RES_2033_2012,19,23,42,2012
2033,S_RES_2034_2012,4,0,4,2012
2034,S_RES_2035_2012,20,18,38,2012
2035,S_RES_2036_2012,25,24,49,2012
2036,S_RES_2037_2012,20,22,42,2012
2037,S_RES_2038_2012,6,0,6,2012
2038,S_RES_2039_2012,19,11,30,2012
2039,S_RES_2040_2012,20,16,36,2012
2040,S_RES_2041_2012,37,48,85,2012
2041,S_RES_2042_2012,6,13,19,2012
2042,S_RES_2043_2012,12,15,27,2012
2043,S_RES_2044_2012,21,13,34,2012
2044,S_RES_2045_2012,17,27,44,2012
2045,S_RES_2046_2012,23,10,33,2012
2046,S_RES_2047_2012,22,17,39,2012
2047,S_RES_2048_2012,20,13,33,2012
2048,S_RES_2049_2012,7,6,13,2012
2049,S_RES_2050_2012,7,6,13,2012
2050,S_RES_2051_2012,15,19,34,2012
2051,S_RES_2052_2012,6,7,13,2012
2052,S_RES_2053_2012,20,29,49,2012
2053,S_RES_2054_2012,11,7,18,2012
2054,S_RES_2055_2012,5,0,5,2012
2055,S_RES_2056_2012,17,29,46,2012
2056,S_RES_2057_2012,23,32,55,2012
2057,S_RES_2058_2012,21,13,34,2012
2058,S_RES_2059_2012,1,5,6,2012
2059,S_RES_2060_2012,11,17,28,2012
2060,S_RES_2061_2012,15,7,22,2012
2061,S_RES_2062_2012,16,24,40,2012
2062,S_RES_2063_2012,19,24,43,2012
2063,S_RES_2064_2012,17,12,29,2012
2064,S_RES_2065_2012,14,15,29,2012
2065,S_RES_2066_2012,20,21,41,2012
2066,S_RES_2067_2012,19,23,42,2012
2067,S_RES_2068_2012,11,7,18,2012
2068,S_RES_2069_2012,39,9,48,2012
2069,S_RES_2070_2012,33,27,60,2012
2070,S_RES_2071_2012,16,11,27,2012
2071,S_RES_2072_2012,6,0,6,2012
2072,S_RES_2073_2012,5,6,11,2012
2073,S_RES_2074_2012,24,22,46,2012
2074,S_RES_2075_2012,23,19,42,2012
2075,S_RES_2076_2012,14,18,32,2012
2076,S_RES_2077_2012,29,36,65,2012
2077,S_RES_2078_2012,16,24,40,2012
2078,S_RES_2079_2012,12,13,25,2012
2079,S_RES_2080_2012,11,5,16,2012
2080,S_RES_2081_2012,8,10,18,2012
2081,S_RES_2082_2012,18,40,58,2012
2082,S_RES_2083_2012,20,64,84,2012
2083,S_RES_2084_2012,8,6,14,2012
2084,S_RES_2085_2012,16,25,41,2012
2085,S_RES_2086_2013,13,22,35,2013
2086,S_RES_2087_2013,2,20,22,2013
2087,S_RES_2088_2013,16,18,34,2013
2088,S_RES_2089_2013,21,13,34,2013
2089,S_RES_2090_2013,17,14,31,2013
2090,S_RES_2091_2013,21,18,39,2013
2091,S_RES_2092_2013,14,10,24,2013
2092,S_RES_2093_2013,19,45,64,2013
2093,S_RES_2094_2013,8,37,45,2013
2094,S_RES_2095_2013,20,19,39,2013
2095,S_RES_2096_2013,36,49,85,2013
2096,S_RES_2097_2013,11,21,32,2013
2097,S_RES_2098_2013,35,35,70,2013
2098,S_RES_2099_2013,21,13,34,2013
2099,S_RES_2100_2013,24,35,59,2013
2100,S_RES_2101_2013,19,31,50,2013
2101,S_RES_2102_2013,13,15,28,2013
2102,S_RES_2103_2013,22,18,40,2013
2103,S_RES_2104_2013,27,23,50,2013
2104,S_RES_2105_2013,8,6,14,2013
2105,S_RES_2106_2013,13,23,36,2013
2106,S_RES_2107_2013,8,6,14,2013
2107,S_RES_2108_2013,11,8,19,2013
2108,S_RES_2109_2013,25,43,68,2013
2109,S_RES_2110_2013,15,7,22,2013
2110,S_RES_2111_2013,17,34,51,2013
2111,S_RES_2112_2013,19,30,49,2013
2112,S_RES_2113_2013,26,30,56,2013
2113,S_RES_2114_2013,21,13,34,2013
2114,S_RES_2115_2013,17,13,30,2013
2115,S_RES_2116_2013,18,22,40,2013
2116,S_RES_2117_2013,23,21,44,2013
2117,S_RES_2118_2013,14,22,36,2013
2118,S_RES_2119_2013,24,28,52,2013
2119,S_RES_2120_2013,40,9,49,2013
2120,S_RES_2121_2013,22,24,46,2013
2121,S_RES_2122_2013,18,19,37,2013
2122,S_RES_2123_2013,26,21,47,2013
2123,S_RES_2124_2013,13,31,44,2013
2124,S_RES_2125_2013,35,32,67,2013
2125,S_RES_2126_2013,29,26,55,2013
2126,S_RES_2127_2013,32,62,94,2013
2127,S_RES_2128_2013,16,17,33,2013
2128,S_RES_2129_2013,32,27,59,2013
2129,S_RES_2130_2013,7,4,11,2013
2130,S_RES_2131_2013,10,7,17,2013
2131,S_RES_2132_2013,11,7,18,2013
2132,S_RES_2133_2014,13,13,26,2014
2133,S_RES_2134_2014,23,50,73,2014
2134,S_RES_2135_2014,21,13,34,2014
2135,S_RES_2136_2014,20,30,50,2014
2136,S_RES_2137_2014,18,21,39,2014
2137,S_RES_2138_2014,25,21,46,2014
2138,S_RES_2139_2014,11,18,29,2014
2139,S_RES_2140_2014,22,34,56,2014
2140,S_RES_2141_2014,8,6,14,2014
2141,S_RES_2142_2014,15,13,28,2014
2142,S_RES_2143_2014,17,27,44,2014
2143,S_RES_2144_2014,24,19,43,2014
2144,S_RES_2145_2014,38,49,87,2014
2145,S_RES_2146_2014,8,16,24,2014
2146,S_RES_2147_2014,38,42,80,2014
2147,S_RES_2148_2014,18,16,34,2014
2148,S_RES_2149_2014,39,51,90,2014
2149,S_RES_2150_2014,16,5,21,2014
2150,S_RES_2151_2014,18,20,38,2014
2151,S_RES_2152_2014,21,14,35,2014
2152,S_RES_2153_2014,20,37,57,2014
2153,S_RES_2154_2014,6,4,10,2014
2154,S_RES_2155_2014,23,23,46,2014
2155,S_RES_2156_2014,29,26,55,2014
2156,S_RES_2157_2014,21,14,35,2014
2157,S_RES_2158_2014,12,16,28,2014
2158,S_RES_2159_2014,8,6,14,2014
2159,S_RES_2160_2014,22,48,70,2014
2160,S_RES_2161_2014,25,77,102,2014
2161,S_RES_2162_2014,24,39,63,2014
2162,S_RES_2163_2014,13,7,20,2014
2163,S_RES_2164_2014,29,34,63,2014
2164,S_RES_2165_2014,19,12,31,2014
2165,S_RES_2166_2014,5,14,19,2014
2166,S_RES_2167_2014,19,29,48,2014
2167,S_RES_2168_2014,19,13,32,2014
2168,S_RES_2169_2014,18,7,25,2014
2169,S_RES_2170_2014,19,24,43,2014
2170,S_RES_2171_2014,21,26,47,2014
2171,S_RES_2172_2014,17,14,31,2014
2172,S_RES_2173_2014,23,27,50,2014
2173,S_RES_2174_2014,11,13,24,2014
2174,S_RES_2175_2014,11,7,18,2014
2175,S_RES_2176_2014,12,5,17,2014
2176,S_RES_2177_2014,23,13,36,2014
2177,S_RES_2178_2014,23,27,50,2014
2178,S_RES_2179_2014,29,27,56,2014
2179,S_RES_2180_2014,24,30,54,2014
2180,S_RES_2181_2014,5,2,7,2014
2181,S_RES_2182_2014,34,54,88,2014
2182,S_RES_2183_2014,28,21,49,2014
2183,S_RES_2184_2014,32,33,65,2014
2184,S_RES_2185_2014,34,33,67,2014
2185,S_RES_2186_2014,26,15,41,2014
2186,S_RES_2187_2014,28,25,53,2014
2187,S_RES_2188_2014,12,10,22,2014
2188,S_RES_2189_2014,13,4,17,2014
2189,S_RES_2190_2014,20,23,43,2014
2190,S_RES_2191_2014,20,7,27,2014
2191,S_RES_2192_2014,14,8,22,2014
2192,S_RES_2193_2014,10,7,17,2014
2193,S_RES_2194_2014,14,10,24,2014
2194,S_RES_2195_2014,24,22,46,2014
2195,S_RES_2196_2015,23,26,49,2015
2196,S_RES_2197_2015,19,13,32,2015
2197,S_RES_2198_2015,25,35,60,2015
2198,S_RES_2199_2015,23,31,54,2015
2199,S_RES_2200_2015,23,27,50,2015
2200,S_RES_2201_2015,15,15,30,2015
2201,S_RES_2202_2015,4,4,8,2015
2202,S_RES_2203_2015,23,20,43,2015
2203,S_RES_2204_2015,9,13,22,2015
2204,S_RES_2205_2015,24,29,53,2015
2205,S_RES_2206_2015,29,23,52,2015
2206,S_RES_2207_2015,8,6,14,2015
2207,S_RES_2208_2015,8,3,11,2015
2208,S_RES_2209_2015,8,8,16,2015
2209,S_RES_2210_2015,34,49,83,2015
2210,S_RES_2211_2015,30,45,75,2015
2211,S_RES_2212_2015,4,3,7,2015
2212,S_RES_2213_2015,14,29,43,2015
2213,S_RES_2214_2015,19,14,33,2015
2214,S_RES_2215_2015,7,7,14,2015
2215,S_RES_2216_2015,21,25,46,2015
2216,S_RES_2217_2015,45,53,98,2015
2217,S_RES_2218_2015,21,13,34,2015
2218,S_RES_2219_2015,22,38,60,2015
2219,S_RES_2220_2015,27,33,60,2015
2220,S_RES_2221_2015,3,2,5,2015
2221,S_RES_2222_2015,22,19,41,2015
2222,S_RES_2223_2015,34,29,63,2015
2223,S_RES_2224_2015,8,6,14,2015
2224,S_RES_2225_2015,19,19,38,2015
2225,S_RES_2226_2015,23,38,61,2015
2226,S_RES_2227_2015,30,37,67,2015
2227,S_RES_2228_2015,25,29,54,2015
2228,S_RES_2229_2015,14,8,22,2015
2229,S_RES_2230_2015,24,29,53,2015
2230,S_RES_2231_2015,14,30,44,2015
2231,S_RES_2232_2015,15,36,51,2015
2232,S_RES_2233_2015,20,8,28,2015
2233,S_RES_2234_2015,19,13,32,2015
2234,S_RES_2235_2015,9,16,25,2015
2235,S_RES_2236_2015,20,14,34,2015
2236,S_RES_2237_2015,13,9,22,2015
2237,S_RES_2238_2015,20,17,37,2015
2238,S_RES_2239_2015,16,24,40,2015
2239,S_RES_2240_2015,24,20,44,2015
2240,S_RES_2241_2015,34,36,70,2015
2241,S_RES_2242_2015,17,18,35,2015
2242,S_RES_2243_2015,30,35,65,2015
2243,S_RES_2244_2015,18,34,52,2015
2244,S_RES_2245_2015,7,18,25,2015
2245,S_RES_2246_2015,35,35,70,2015
2246,S_RES_2247_2015,13,8,21,2015
2247,S_RES_2248_2015,20,10,30,2015
2248,S_RES_2249_2015,10,8,18,2015
2249,S_RES_2250_2015,18,22,40,2015
2250,S_RES_2251_2015,25,29,54,2015
2251,S_RES_2252_2015,34,34,68,2015
2252,S_RES_2253_2015,35,99,134,2015
2253,S_RES_2254_2015,10,16,26,2015
2254,S_RES_2255_2015,27,58,85,2015
2255,S_RES_2256_2015,16,24,40,2015
2256,S_RES_2257_2015,16,10,26,2015
2257,S_RES_2258_2015,27,7,34,2015
2258,S_RES_2259_2015,24,20,44,2015
2259,S_RES_2260_2016,6,3,9,2016
2260,S_RES_2261_2016,8,6,14,2016
2261,S_RES_2262_2016,29,33,62,2016
2262,S_RES_2263_2016,19,13,32,2016
2263,S_RES_2264_2016,4,3,7,2016
2264,S_RES_2265_2016,23,27,50,2016
2265,S_RES_2266_2016,14,13,27,2016
2266,S_RES_2267_2016,26,21,47,2016
2267,S_RES_2268_2016,5,11,16,2016
2268,S_RES_2269_2016,7,4,11,2016
2269,S_RES_2270_2016,12,52,64,2016
2270,S_RES_2271_2016,3,3,6,2016
2271,S_RES_2272_2016,10,13,23,2016
2272,S_RES_2273_2016,11,3,14,2016
2273,S_RES_2274_2016,36,57,93,2016
2274,S_RES_2275_2016,10,23,33,2016
2275,S_RES_2276_2016,8,6,14,2016
2276,S_RES_2277_2016,32,53,85,2016
2277,S_RES_2278_2016,15,17,32,2016
2278,S_RES_2279_2016,19,13,32,2016
2279,S_RES_2280_2016,3,3,6,2016
2280,S_RES_2281_2016,7,5,12,2016
2281,S_RES_2282_2016,23,32,55,2016
2282,S_RES_2283_2016,8,2,10,2016
2283,S_RES_2284_2016,22,37,59,2016
2284,S_RES_2285_2016,24,15,39,2016
2285,S_RES_2286_2016,20,14,34,2016
2286,S_RES_2287_2016,28,29,57,2016
2287,S_RES_2288_2016,12,2,14,2016
2288,S_RES_2289_2016,5,3,8,2016
2289,S_RES_2290_2016,32,17,49,2016
2290,S_RES_2291_2016,14,5,19,2016
2291,S_RES_2292_2016,17,13,30,2016
2292,S_RES_2293_2016,26,38,64,2016
2293,S_RES_2294_2016,17,12,29,2016
2294,S_RES_2295_2016,34,47,81,2016
2295,S_RES_2296_2016,31,35,66,2016
2296,S_RES_2297_2016,17,45,62,2016
2297,S_RES_2298_2016,9,6,15,2016
2298,S_RES_2299_2016,26,7,33,2016
2299,S_RES_2300_2016,19,14,33,2016
2300,S_RES_2301_2016,39,59,98,2016
2301,S_RES_2302_2016,3,2,5,2016
2302,S_RES_2303_2016,22,20,42,2016
2303,S_RES_2304_2016,12,19,31,2016
2304,S_RES_2305_2016,21,15,36,2016
2305,S_RES_2306_2016,4,2,6,2016
2306,S_RES_2307_2016,5,3,8,2016
2307,S_RES_2308_2016,9,4,13,2016
2308,S_RES_2309_2016,13,12,25,2016
2309,S_RES_2310_2016,10,9,19,2016
2310,S_RES_2311_2016,2,0,2,2016
2311,S_RES_2312_2016,25,17,42,2016
2312,S_RES_2313_2016,37,38,75,2016
2313,S_RES_2314_2016,4,3,7,2016
2314,S_RES_2315_2016,16,10,26,2016
2315,S_RES_2316_2016,35,35,70,2016
2316,S_RES_2317_2016,20,43,63,2016
2317,S_RES_2318_2016,28,31,59,2016
2318,S_RES_2319_2016,7,10,17,2016
2319,S_RES_2320_2016,17,12,29,2016
2320,S_RES_2321_2016,10,50,60,2016
2321,S_RES_2322_2016,20,22,42,2016
2322,S_RES_2323_2016,19,7,26,2016
2323,S_RES_2324_2016,3,2,5,2016
2324,S_RES_2325_2016,22,31,53,2016
2325,S_RES_2326_2016,3,3,6,2016
2326,S_RES_2327_2016,30,36,66,2016
2327,S_RES_2328_2016,4,9,13,2016
2328,S_RES_2329_2016,9,9,18,2016
2329,S_RES_2330_2016,17,12,29,2016
2330,S_RES_2331_2016,14,24,38,2016
2331,S_RES_2332_2016,27,7,34,2016
2332,S_RES_2333_2016,19,22,41,2016
2333,S_RES_2334_2016,10,13,23,2016
2334,S_RES_2335_2016,2,5,7,2016
2335,S_RES_2336_2016,6,4,10,2016
2336,S_RES_2337_2017,15,13,28,2017
2337,S_RES_2338_2017,19,14,33,2017
2338,S_RES_2339_2017,28,39,67,2017
2339,S_RES_2340_2017,25,29,54,2017
2340,S_RES_2341_2017,22,14,36,2017
2341,S_RES_2342_2017,14,13,27,2017
2342,S_RES_2343_2017,27,24,51,2017
2343,S_RES_2344_2017,20,38,58,2017
2344,S_RES_2345_2017,8,6,14,2017
2345,S_RES_2346_2017,3,2,5,2017
2346,S_RES_2347_2017,19,23,42,2017
2347,S_RES_2348_2017,30,55,85,2017
2348,S_RES_2349_2017,13,34,47,2017
2349,S_RES_2350_2017,15,24,39,2017
2350,S_RES_2351_2017,25,16,41,2017
2351,S_RES_2352_2017,28,34,62,2017
2352,S_RES_2353_2017,3,3,6,2017
2353,S_RES_2354_2017,15,8,23,2017
2354,S_RES_2355_2017,5,3,8,2017
2355,S_RES_2356_2017,6,5,11,2017
2356,S_RES_2357_2017,5,3,8,2017
2357,S_RES_2358_2017,18,26,44,2017
2358,S_RES_2359_2017,20,9,29,2017
2359,S_RES_2360_2017,31,35,66,2017
2360,S_RES_2361_2017,18,12,30,2017
2361,S_RES_2362_2017,16,18,34,2017
2362,S_RES_2363_2017,32,43,75,2017
2363,S_RES_2364_2017,41,49,90,2017
2364,S_RES_2365_2017,15,17,32,2017
2365,S_RES_2366_2017,7,9,16,2017
2366,S_RES_2367_2017,26,8,34,2017
2367,S_RES_2368_2017,45,105,150,2017
2368,S_RES_2369_2017,18,15,33,2017
2369,S_RES_2370_2017,21,20,41,2017
2370,S_RES_2371_2017,10,30,40,2017
2371,S_RES_2372_2017,20,56,76,2017
2372,S_RES_2373_2017,23,20,43,2017
2373,S_RES_2374_2017,29,21,50,2017
2374,S_RES_2375_2017,10,33,43,2017
2375,S_RES_2376_2017,24,9,33,2017
2376,S_RES_2377_2017,4,1,5,2017
2377,S_RES_2378_2017,19,21,40,2017
2378,S_RES_2379_2017,6,17,23,2017
2379,S_RES_2380_2017,25,17,42,2017
2380,S_RES_2381_2017,4,4,8,2017
2381,S_RES_2382_2017,19,16,35,2017
2382,S_RES_2383_2017,35,35,70,2017
2383,S_RES_2384_2017,21,11,32,2017
2384,S_RES_2385_2017,21,51,72,2017
2385,S_RES_2386_2017,29,34,63,2017
2386,S_RES_2387_2017,37,68,105,2017
2387,S_RES_2388_2017,24,35,59,2017
2388,S_RES_2389_2017,14,24,38,2017
2389,S_RES_2390_2017,2,3,5,2017
2390,S_RES_2391_2017,22,36,58,2017
2391,S_RES_2392_2017,3,2,5,2017
2392,S_RES_2393_2017,28,8,36,2017
2393,S_RES_2394_2017,18,12,30,2017
2394,S_RES_2395_2017,33,33,66,2017
2395,S_RES_2396_2017,36,51,87,2017
2396,S_RES_2397_2017,7,29,36,2017
2397,S_RES_2398_2018,19,17,36,2018
2398,S_RES_2399_2018,29,44,73,2018
2399,S_RES_2400_2018,4,4,8,2018
2400,S_RES_2401_2018,13,13,26,2018
2401,S_RES_2402_2018,14,13,27,2018
2402,S_RES_2403_2018,4,0,4,2018
2403,S_RES_2404_2018,32,29,61,2018
2404,S_RES_2405_2018,24,45,69,2018
2405,S_RES_2406_2018,33,35,68,2018
2406,S_RES_2407_2018,8,6,14,2018
2407,S_RES_2408_2018,18,29,47,2018
2408,S_RES_2409_2018,37,63,100,2018
2409,S_RES_2410_2018,17,21,38,2018
2410,S_RES_2411_2018,2,2,4,2018
2411,S_RES_2412_2018,6,5,11,2018
2412,S_RES_2413_2018,5,5,10,2018
2413,S_RES_2414_2018,25,20,45,2018
2414,S_RES_2415_2018,4,3,7,2018
2415,S_RES_2416_2018,14,34,48,2018
2416,S_RES_2417_2018,21,13,34,2018
2417,S_RES_2418_2018,4,4,8,2018
2418,S_RES_2419_2018,19,23,42,2018
2419,S_RES_2420_2018,5,3,8,2018
2420,S_RES_2421_2018,3,7,10,2018
2421,S_RES_2422_2018,11,13,24,2018
2422,S_RES_2423_2018,39,72,111,2018
2423,S_RES_2424_2018,6,6,12,2018
2424,S_RES_2425_2018,4,3,7,2018
2425,S_RES_2426_2018,20,13,33,2018
2426,S_RES_2427_2018,18,40,58,2018
2427,S_RES_2428_2018,6,27,33,2018
2428,S_RES_2429_2018,34,57,91,2018
2429,S_RES_2430_2018,21,19,40,2018
2430,S_RES_2431_2018,24,57,81,2018
2431,S_RES_2432_2018,10,6,16,2018
2432,S_RES_2433_2018,26,27,53,2018
2433,S_RES_2434_2018,31,9,40,2018
2434,S_RES_2435_2018,5,2,7,2018
2435,S_RES_2436_2018,20,20,40,2018
2436,S_RES_2437_2018,5,5,10,2018
2437,S_RES_2438_2018,6,5,11,2018
2438,S_RES_2439_2018,18,17,35,2018
2439,S_RES_2440_2018,27,17,44,2018
2440,S_RES_2441_2018,16,19,35,2018
2441,S_RES_2442_2018,37,35,72,2018
2442,S_RES_2443_2018,23,11,34,2018
2443,S_RES_2444_2018,25,58,83,2018
2444,S_RES_2445_2018,16,35,51,2018
2445,S_RES_2446_2018,4,2,6,2018
2446,S_RES_2447_2018,20,15,35,2018
2447,S_RES_2448_2018,36,72,108,2018
2448,S_RES_2449_2018,29,8,37,2018
2449,S_RES_2450_2018,21,14,35,2018
2450,S_RES_2451_2018,5,11,16,2018
2451,S_RES_2452_2019,4,9,13,2019
2452,S_RES_2453_2019,24,21,45,2019
2453,S_RES_2454_2019,6,12,18,2019
2454,S_RES_2455_2019,4,5,9,2019
2455,S_RES_2456_2019,14,13,27,2019
2456,S_RES_2457_2019,19,22,41,2019
2457,S_RES_2458_2019,32,34,66,2019
2458,S_RES_2459_2019,36,40,76,2019
2459,S_RES_2460_2019,6,9,15,2019
2460,S_RES_2461_2019,13,23,36,2019
2461,S_RES_2462_2019,20,38,58,2019
2462,S_RES_2463_2019,32,48,80,2019
2463,S_RES_2464_2019,8,6,14,2019
2464,S_RES_2465_2019,6,7,13,2019
2465,S_RES_2466_2019,15,15,30,2019
2466,S_RES_2467_2019,24,37,61,2019
2467,S_RES_2468_2019,26,16,42,2019
2468,S_RES_2469_2019,18,36,54,2019
2469,S_RES_2470_2019,5,7,12,2019
2470,S_RES_2471_2019,3,4,7,2019
2471,S_RES_2472_2019,12,35,47,2019
2472,S_RES_2473_2019,5,3,8,2019
2473,S_RES_2474_2019,20,19,39,2019
2474,S_RES_2475_2019,14,11,25,2019
2475,S_RES_2476_2019,9,9,18,2019
2476,S_RES_2477_2019,22,14,36,2019
2477,S_RES_2478_2019,6,8,14,2019
2478,S_RES_2479_2019,5,4,9,2019
2479,S_RES_2480_2019,21,66,87,2019
2480,S_RES_2481_2019,4,9,13,2019
2481,S_RES_2482_2019,19,26,45,2019
2482,S_RES_2483_2019,11,16,27,2019
2483,S_RES_2484_2019,12,6,18,2019
2484,S_RES_2485_2019,27,28,55,2019
2485,S_RES_2486_2019,22,10,32,2019
2486,S_RES_2487_2019,6,2,8,2019
2487,S_RES_2488_2019,9,12,21,2019
2488,S_RES_2489_2019,8,10,18,2019
2489,S_RES_2490_2019,6,4,10,2019
2490,S_RES_2491_2019,6,5,11,2019
2491,S_RES_2492_2019,2,2,4,2019
2492,S_RES_2493_2019,11,11,22,2019
2493,S_RES_2494_2019,26,16,42,2019
2494,S_RES_2495_2019,14,8,22,2019
2495,S_RES_2496_2019,23,11,34,2019
2496,S_RES_2497_2019,13,34,47,2019
2497,S_RES_2498_2019,15,36,51,2019
2498,S_RES_2499_2019,20,55,75,2019
2499,S_RES_2500_2019,17,31,48,2019
2500,S_RES_2501_2019,10,5,15,2019
2501,S_RES_2502_2019,18,53,71,2019
2502,S_RES_2503_2019,21,15,36,2019
2503,S_RES_2504_2020,6,10,16,2020
2504,S_RES_2505_2020,4,9,13,2020
2505,S_RES_2506_2020,13,18,31,2020
2506,S_RES_2507_2020,8,15,23,2020
2507,S_RES_2508_2020,4,5,9,2020
2508,S_RES_2509_2020,13,16,29,2020
2509,S_RES_2510_2020,14,13,27,2020
2510,S_RES_2511_2020,18,14,32,2020
2511,S_RES_2512_2020,15,27,42,2020
2512,S_RES_2513_2020,12,10,22,2020
2513,S_RES_2514_2020,37,43,80,2020
2514,S_RES_2515_2020,8,6,14,2020
2515,S_RES_2516_2020,3,3,6,2020
2516,S_RES_2517_2020,4,3,7,2020
2517,S_RES_2518_2020,15,15,30,2020
2518,S_RES_2519_2020,6,7,13,2020
2519,S_RES_2520_2020,17,39,56,2020
2520,S_RES_2521_2020,10,25,35,2020
2521,S_RES_2522_2020,6,6,12,2020
2522,S_RES_2523_2020,4,3,7,2020
2523,S_RES_2524_2020,17,17,34,2020
2524,S_RES_2525_2020,9,12,21,2020
2525,S_RES_2526_2020,6,3,9,2020
2526,S_RES_2527_2020,3,3,6,2020
2527,S_RES_2528_2020,7,7,14,2020
2528,S_RES_2529_2020,10,15,25,2020
2529,S_RES_2530_2020,21,16,37,2020
2530,S_RES_2531_2020,24,65,89,2020
2531,S_RES_2532_2020,11,8,19,2020
2532,S_RES_2533_2020,4,4,8,2020
2533,S_RES_2534_2020,4,9,13,2020
2534,S_RES_2535_2020,24,27,51,2020
2535,S_RES_2536_2020,11,15,26,2020
2536,S_RES_2537_2020,15,19,34,2020
2537,S_RES_2538_2020,11,14,25,2020
2538,S_RES_2539_2020,35,31,66,2020
2539,S_RES_2540_2020,22,17,39,2020
2540,S_RES_2541_2020,14,6,20,2020
2541,S_RES_2542_2020,29,12,41,2020
2542,S_RES_2543_2020,12,11,23,2020
2543,S_RES_2544_2020,6,5,11,2020
2544,S_RES_2545_2020,5,3,8,2020
2545,S_RES_2546_2020,6,5,11,2020
2546,S_RES_2547_2020,3,2,5,2020
2547,S_RES_2548_2020,27,16,43,2020
2548,S_RES_2549_2020,23,12,35,2020
2549,S_RES_2550_2020,13,34,47,2020
2550,S_RES_2551_2020,16,38,54,2020
2551,S_RES_2552_2020,23,55,78,2020
2552,S_RES_2553_2020,24,26,50,2020
2553,S_RES_2554_2020,18,31,49,2020
2554,S_RES_2555_2020,21,16,37,2020
2555,S_RES_2556_2020,20,57,77,2020
2556,S_RES_2557_2020,10,5,15,2020
2557,S_RES_2558_2020,8,6,14,2020
2558,S_RES_2559_2020,13,16,29,2020
2559,S_RES_2560_2020,9,3,12,2020
2560,S_RES_2561_2021,18,18,36,2021
2561,S_RES_2562_2021,9,6,15,2021
2562,S_RES_2563_2021,3,3,6,2021
2563,S_RES_2564_2021,25,16,41,2021
2564,S_RES_2565_2021,17,14,31,2021
2565,S_RES_2566_2021,15,4,19,2021
2566,S_RES_2567_2021,34,30,64,2021
2567,S_RES_2568_2021,19,43,62,2021
2568,S_RES_2569_2021,8,7,15,2021
2569,S_RES_2570_2021,11,22,33,2021
2570,S_RES_2571_2021,13,17,30,2021
2571,S_RES_2572_2021,4,3,7,2021
2572,S_RES_2573_2021,22,12,34,2021
2573,S_RES_2574_2021,8,5,13,2021
2574,S_RES_2575_2021,8,9,17,2021
2575,S_RES_2576_2021,13,8,21,2021
2576,S_RES_2577_2021,15,23,38,2021
2577,S_RES_2578_2021,8,3,11,2021
2578,S_RES_2579_2021,20,20,40,2021
2579,S_RES_2580_2021,2,0,2,2021
2580,S_RES_2581_2021,21,16,37,2021
2581,S_RES_2582_2021,9,10,19,2021
2582,S_RES_2583_2021,4,0,4,2021
2583,S_RES_2584_2021,25,63,88,2021
2584,S_RES_2585_2021,8,6,14,2021
2585,S_RES_2586_2021,6,9,15,2021
2586,S_RES_2587_2021,17,20,37,2021
2587,S_RES_2588_2021,18,15,33,2021
2588,S_RES_2589_2021,13,10,23,2021
2589,S_RES_2590_2021,19,6,25,2021
2590,S_RES_2591_2021,36,31,67,2021
2591,S_RES_2592_2021,24,19,43,2021
2592,S_RES_2593_2021,2,7,9,2021
2593,S_RES_2594_2021,13,15,28,2021
2594,S_RES_2595_2021,2,2,4,2021
2595,S_RES_2596_2021,6,6,12,2021
2596,S_RES_2597_2021,6,4,10,2021
2597,S_RES_2598_2021,6,5,11,2021
2598,S_RES_2599_2021,2,2,4,2021
2599,S_RES_2600_2021,9,6,15,2021
2600,S_RES_2601_2021,15,28,43,2021
2601,S_RES_2602_2021,28,16,44,2021
2602,S_RES_2603_2021,8,2,10,2021
2603,S_RES_2604_2021,2,6,8,2021
2604,S_RES_2605_2021,27,59,86,2021
2605,S_RES_2606_2021,3,2,5,2021
2606,S_RES_2607_2021,24,46,70,2021
2607,S_RES_2608_2021,18,31,49,2021
2608,S_RES_2609_2021,14,35,49,2021
2609,S_RES_2610_2021,47,108,155,2021
2610,S_RES_2611_2021,9,5,14,2021
2611,S_RES_2612_2021,21,57,78,2021
2612,S_RES_2613_2021,21,16,37,2021
2613,S_RES_2614_2021,3,3,6,2021
2614,S_RES_2615_2021,9,3,12,2021
2615,S_RES_2616_2021,20,14,34,2021
2616,S_RES_2617_2021,40,40,80,2021
2617,S_RES_2618_2022,17,20,37,2022
2618,S_RES_2619_2022,2,3,5,2022
2619,S_RES_2620_2022,10,6,16,2022
2620,S_RES_2621_2022,9,8,17,2022
2621,S_RES_2622_2022,4,3,7,2022
2622,S_RES_2623_2022,3,0,3,2022
2623,S_RES_2624_2022,34,24,58,2022
2624,S_RES_2625_2022,32,31,63,2022
2625,S_RES_2626_2022,11,8,19,2022
2626,S_RES_2627_2022,8,7,15,2022
2627,S_RES_2628_2022,27,55,82,2022
2628,S_RES_2629_2022,3,7,10,2022
2629,S_RES_2630_2022,10,8,18,2022
2630,S_RES_2631_2022,13,6,19,2022
2631,S_RES_2632_2022,4,4,8,2022
2632,S_RES_2633_2022,21,24,45,2022
2633,S_RES_2634_2022,17,17,34,2022
2634,S_RES_2635_2022,7,3,10,2022
2635,S_RES_2636_2022,3,3,6,2022
2636,S_RES_2637_2022,10,17,27,2022
2637,S_RES_2638_2022,4,0,4,2022
2638,S_RES_2639_2022,21,16,37,2022
2639,S_RES_2640_2022,25,59,84,2022
2640,S_RES_2641_2022,9,13,22,2022
2641,S_RES_2642_2022,8,7,15,2022
2642,S_RES_2643_2022,10,11,21,2022
2643,S_RES_2644_2022,14,17,31,2022
2644,S_RES_2645_2022,19,11,30,2022
2645,S_RES_2646_2022,17,21,38,2022
2646,S_RES_2647_2022,11,10,21,2022
2647,S_RES_2648_2022,19,16,35,2022
2648,S_RES_2649_2022,19,7,26,2022
2649,S_RES_2650_2022,34,32,66,2022
2650,S_RES_2651_2022,7,4,11,2022
2651,S_RES_2652_2022,6,5,11,2022
2652,S_RES_2653_2022,21,28,49,2022
2653,S_RES_2654_2022,27,17,44,2022
2654,S_RES_2655_2022,9,3,12,2022
2655,S_RES_2656_2022,17,12,29,2022
2656,S_RES_2657_2022,16,17,33,2022
2657,S_RES_2658_2022,2,6,8,2022
2658,S_RES_2659_2022,30,59,89,2022
2659,S_RES_2660_2022,3,6,9,2022
2660,S_RES_2661_2022,1,2,3,2022
2661,S_RES_2662_2022,17,50,67,2022
2662,S_RES_2663_2022,23,30,53,2022
2663,S_RES_2664_2022,11,7,18,2022
2664,S_RES_2665_2022,11,4,15,2022
2665,S_RES_2666_2022,21,46,67,2022
2666,S_RES_2667_2022,3,4,7,2022
2667,S_RES_2668_2022,13,5,18,2022
2668,S_RES_2669_2022,17,11,28,2022
2669,S_RES_2670_2022,3,4,7,2022
2670,S_RES_2671_2022,21,16,37,2022
2671,S_RES_2672_2023,8,7,15,2023
2672,S_RES_2673_2023,5,2,7,2023
2673,S_RES_2674_2023,17,22,39,2023
2674,S_RES_2675_2023,4,4,8,2023
2675,S_RES_2676_2023,15,6,21,2023
2676,S_RES_2677_2023,32,33,65,2023
2677,S_RES_2678_2023,3,6,9,2023
2678,S_RES_2679_2023,6,3,9,2023
2679,S_RES_2680_2023,9,7,16,2023
2680,S_RES_2681_2023,9,7,16,2023
2681,S_RES_2682_2023,11,6,17,2023
2682,S_RES_2683_2023,21,25,46,2023
2683,S_RES_2684_2023,7,3,10,2023
2684,S_RES_2685_2023,3,3,6,2023
2685,S_RES_2686_2023,18,16,34,2023
2686,S_RES_2687_2023,22,47,69,2023
2687,S_RES_2688_2023,9,10,19,2023
2688,S_RES_2689_2023,21,16,37,2023
2689,S_RES_2690_2023,9,9,18,2023
2690,S_RES_2691_2023,3,5,8,2023
2691,S_RES_2692_2023,25,19,44,2023
2692,S_RES_2693_2023,20,16,36,2023
2693,S_RES_2694_2023,8,3,11,2023
2694,S_RES_2695_2023,38,32,70,2023
2695,S_RES_2696_2023,6,4,10,2023
2696,S_RES_2697_2023,8,7,15,2023
2697,S_RES_2698_2023,10,8,18,2023
2698,S_RES_2699_2023,25,23,48,2023
2699,S_RES_2700_2023,22,27,49,2023
2700,S_RES_2701_2023,16,22,38,2023
2701,S_RES_2702_2023,22,14,36,2023
2702,S_RES_2703_2023,27,17,44,2023
2703,S_RES_2704_2023,10,2,12,2023
2704,S_RES_2705_2023,20,16,36,2023
2705,S_RES_2706_2023,2,6,8,2023
2706,S_RES_2707_2023,4,4,8,2023
2707,S_RES_2708_2023,4,6,10,2023
2708,S_RES_2709_2023,27,59,86,2023
2709,S_RES_2710_2023,12,15,27,2023
2710,S_RES_2711_2023,3,4,7,2023
2711,S_RES_2712_2023,8,7,15,2023
2712,S_RES_2713_2023,22,47,69,2023
2713,S_RES_2714_2023,11,5,16,2023
2714,S_RES_2715_2023,7,8,15,2023
2715,S_RES_2716_2023,13,4,17,2023
2716,S_RES_2717_2023,23,50,73,2023
2717,S_RES_2718_2023,21,16,37,2023
2718,S_RES_2719_2023,18,17,35,2023
2719,S_RES_2720_2023,14,16,30,2023
2720,S_RES_2721_2023,8,7,15,2023
